Dataset,run,method,il2_conc,activator_conc,abs_surface_density,viability,cum_consumed_glucose,total_cells,total_live_cells,live_fold_change,cd4_frac,cd69_frac,cd8_frac,cd4_memory_frac,cd8_memory_frac,memory_frac,Total cd4_cells,Total cd69_cells,Total cd8_cells,cd4 memory cells,cd8 memory cells,Total Memory Cells,Total Live cd4 Cells,Total Live cd8 Cells,live_cd4_memory_frac,Total live cd4 memory cells,live_cd8_memory_frac,Total live cd8 memory cells,live_memory_frac,Total Live Memory Cells,Ratio of CD4 to CD8 Memory Cells ,Ratio CD4 Memory Cells to CD4 Cells,Ratio CD8 memory Cells to CD8 Cells,6-Apr,BAFF - 6,GM_CSF - 6,IFN_alpha - 6,IFN_gamma - 6,IL10 - 6,IL12p70 - 6,IL13 - 6,IL15 - 6,IL16 - 6,IL17a - 6,IL2 - 6,IL21 - 6,IL23 - 6,IL2R - 6,IL3 - 6,IL31 - 6,IL4 - 6,IL5 - 6,IL6 - 6,IL8 - 6,IL9 - 6,LIF - 6,MCP_1 - 6,MIF - 6,MIP_1a - 6,MIP_1b - 6,OSM - 6,TNFa - 6,TNFb - 6,8-Apr,BAFF - 8,GM_CSF - 8,IFN_alpha - 8,IFN_gamma - 8,IL10 - 8,IL12p70 - 8,IL13 - 8,IL15 - 8,IL16 - 8,IL17a - 8,IL2 - 8,IL21 - 8,IL23 - 8,IL2R - 8,IL3 - 8,IL31 - 8,IL4 - 8,IL5 - 8,IL6 - 8,IL8 - 8,IL9 - 8,LIF - 8,MCP_1 - 8,MIF - 8,MIP_1a - 8,MIP_1b - 8,OSM - 8,TNFa - 8,TNFb - 8,11-Apr,BAFF - 11,GM_CSF - 11,IFN_alpha - 11,IFN_gamma - 11,IL10 - 11,IL12p70 - 11,IL13 - 11,IL15 - 11,IL16 - 11,IL17a - 11,IL2 - 11,IL21 - 11,IL23 - 11,IL2R - 11,IL3 - 11,IL31 - 11,IL4 - 11,IL5 - 11,IL6 - 11,IL8 - 11,IL9 - 11,LIF - 11,MCP_1 - 11,MIF - 11,MIP_1a - 11,MIP_1b - 11,OSM - 11,TNFa - 11,TNFb - 11,14-Apr,BAFF - 14,GM_CSF - 14,IFN_alpha - 14,IFN_gamma - 14,IL10 - 14,IL12p70 - 14,IL13 - 14,IL15 - 14,IL16 - 14,IL17a - 14,IL2 - 14,IL21 - 14,IL23 - 14,IL2R - 14,IL3 - 14,IL31 - 14,IL4 - 14,IL5 - 14,IL6 - 14,IL8 - 14,IL9 - 14,LIF - 14,MCP_1 - 14,MIF - 14,MIP_1a - 14,MIP_1b - 14,OSM - 14,TNFa - 14,TNFb - 14,BCAAs 0.98204 D4,Ethanol 1.1795 D4,Lactate 1 1.3235 D4,1.3653 D4,Alanine 1.4729 D4,1.5208 D4,1.9665 D4,2.3334 D4,Pyruvate 2.3679 D4,Glutamine 2.4489 D4,Dimethylamine 2.7247 D4,Glycine 3.5547 D4,Lactate 2 4.1103 D4,4.1784 D4,Glucose 5.2277 D4,Tyrosine 6.894 D4,Histidine 7.0787 D4,Phenylalanine 7.3801 D4,7.5387 D4,Formate 8.448 D4,BCAAs 0.98204 D6,Ethanol 1.1795 D6,Lactate 1 1.3235 D6,1.3653 D6,Alanine 1.4729 D6,1.5208 D6,1.9665 D6,2.3334 D6,Pyruvate 2.3679 D6,Glutamine 2.4489 D6,Dimethlyamine 2.7247 D6,Glycine 3.5547 D6,Lacate 2 4.1103 D6,4.1784 D6,Glucose 5.2277 D6,Tyrosine 6.894 D6,Histidine 7.0787 D6,Phenylalanine 7.3801 D6,7.5387 D6,Formate 8.448 D6,BCAAs 0.98204 D8,Ethanol 1.1795 D8,Lactate 1 1.3235 D8,1.3653 D8,Alanine 1.4729 D8,1.5208 D8,1.9665 D8,2.3334 D8,Pyruvate 2.3679 D8,Glutamine 2.4489 D8,Dimethylamine 2.7247 D8,Glycine 3.5547 D8,Lactate 2 4.1103 D8,4.1784 D8,Glucose 5.2277 D8,Thyrosine 6.894 D8,Histidine 7.0787 D8,Phenylalanine 7.3801 D8,7.5387 D8,Formate 8.448 D8,BCAAs 0.98204 D11,Ethanol 1.1795 D11,Lactate 1 1.3235 D11,1.3653 D11,Alanine1.4729 D11,1.5208 D11,1.9665 D11,2.3334 D11,Pyruvate 2.3679 D11,Glutamine 2.4489 D11,Dimethylamine2.7247 D11,Glycine 3.5547 D11,Lactate 2 4.1103 D11,4.1784 D11,Glucose 5.2277 D11,Tyrosine 6.894 D11,Histidine 7.0787 D11,Phenylalanine 7.3801 D11,7.5387 D11,Formate 8.448 D11,BCAAs 0.98204 D14,Ethanol 1.1795 D14,Lactate 1 1.3235 D14,1.3653 D14,Alanine1.4729 D14,1.5208 D14,1.9665 D14,2.3334 D14,Pyruvate 2.3679 D14,Glutamine 2.4489 D14,Dimethylamine2.7247 D14,Glycine 3.5547 D14,Lactate 2 4.1103 D14,4.1784 D14,Glucose 5.2277 D14,Tyrosine6.894 D14,Histidine7.0787 D14,Phenylalanine7.3801 D14,7.5387 D14,Formate 8.448 D14,diameter_mean,diameter_sd,circularity_mean,circularity_sd
DOE,1,carrier,30,500,2003,0.972,19.941,41800000,40629600,67.716,0.10208153,0.04197312,0.897918472,0.0659923,0.47657525,0.54256755,4267007.87,1754476.374,37532992.13,2758478.265,19920845.49,22679323.76,4147531.731,36482068.35,0.0659923,2681240.752,0.47657525,19363061.78,0.54256755,22044302.53,0.1385,0.6465,0.5308,186.27,8.265,21539.94,7.2825,3189.9075,280.185,5.385,4494.3675,14.28,230.7675,233.7525,68.9325,142.5825,25.32,102641.64,2438.2275,0,444.3225,222.63,149.6925,1182.315,1119.6,538.3425,124.38,101.01,7912.62,39236.58,147.9975,637.755,2201.3625,504.975,13.95,32345.35,9.675,3742.175,114.475,0,7695.525,0,563.2,139.85,114.325,278.25,52.15,202783.05,3163.525,0,878.15,341.2,122.025,3052.75,2012,1672.325,233.55,303.075,7326.225,130788.6,366.25,844.825,1038.9,685.044,25.326,42409.386,9.126,2749.086,40.554,0,9411.066,0,1465.074,117.828,152.01,397.332,96.822,280589.076,3764.88,0,1127.574,528.984,82.89,2274.264,3460.428,3625.506,385.074,677.376,6539.724,79143.588,633.906,1049.976,406.404,958.17,28.405,43833.855,24.32,1670.195,33.25,0,10505.575,142.31,1848.035,97.47,438.615,432.345,0,276453.325,4039.305,0,1504.895,724.47,163.685,1347.575,2283.42,5531.09,699.58,958.36,3952.38,29751.625,910.955,1234.905,584.82,2.5491,0.54635,5.6614,0.076851,3.401,0.37719,0.35391,0.28846,0.52548,1.5212,1.7337,0.12965,1.8191,0.17272,0.80259,0.093231,0.065686,0.26443,0.022847,0.013785,2.5218,0.63866,7.9873,0.08411,3.5276,0.44019,0.37953,0.35091,0.51299,1.5423,0.55965,0.13002,2.5177,0.14139,0.66874,0.08415,0.064888,0.25362,0.023031,0.015393,2.5726,0.85477,6.6487,0.08279,3.5875,0.45913,0.38301,0.35075,0.47782,1.6298,0.3785,0.1347,2.0472,0.13206,0.76723,0.087313,0.065082,0.26118,0.021847,0.01605,2.635,0.54543,7.1649,0.084978,3.5453,0.39902,0.37425,0.30894,0.3808,1.6208,0.25267,0.14888,2.3144,0.16283,0.79604,0.092007,0.06704,0.27531,0.022682,0.018604,2.5059,0.71924,5.8097,0.073959,3.1192,0.61236,0.4468,0.45985,0.36563,1.3514,0.19348,0.13479,1.9239,0.23881,0.81594,0.086605,0.064541,0.25866,0.023539,0.017778,0.02361577,0.007274484,0.854621246,0.062500128
DOE,2,carrier,20,2500,1579.2,0.95028249,22.428,32922000,31285200.14,52.14200023,0.17934453,0.12967833,0.820655472,0.10691888,0.33370422,0.4406231,5904380.551,4269270.079,27017619.45,3519983.203,10986210.59,14506193.8,5610829.514,25674370.68,0.10691888,3344978.559,0.33370422,10440003.31,0.4406231,13784981.87,0.3204,0.5962,0.4066,226.1325,11.355,36437.025,7.0275,4892.01,607.455,6.36,4458.285,16.995,397.7625,293.5875,75.8625,196.305,21.42,155738.1825,3490.8825,19.4775,538.845,234.645,79.5075,1799.43,2105.4975,556.065,152.97,102.78,8367.9825,39236.58,169.11,1131.33,3819.945,690.6,19.6,60391.85,15.225,5561.375,266,0,9628.1,28.65,654.675,211.375,178.375,681.65,57,336215.7,5978.2,0,1197.175,315.75,105.875,12813.625,7075.575,1650.15,374.65,309.875,25842.65,130788.6,516.225,1380.6,4361.425,1105.832,36.288,77908.936,17.92,4512.032,117.488,0,11553.92,0,2902.312,160.384,296.296,933.744,138.488,521284.344,7349.888,0,1878.744,436.408,85.96,10469.368,8235.304,4165.616,468.552,639.912,62480.936,292966.464,906.808,1799.448,1652.56,1104.84,52.266,82250.037,37.2,2860.494,33.201,0,9912.405,119.784,2689.932,138.012,429.381,854.856,0,518472.21,6536.319,0,2750.568,484.809,143.871,4274.001,5336.805,6176.967,1024.302,990.915,35308.659,998185.368,1140.552,2214.888,797.847,2.4665,0.56479,9.0519,0.086405,3.5292,0.4156,0.35034,0.28663,0.48385,1.4076,1.9608,0.13817,3.0981,0.17985,0.6061,0.10549,0.069531,0.27263,0.026999,0.017988,2.498,0.5412,8.0248,0.088964,3.5613,0.40611,0.35123,0.29314,0.51101,1.5432,0.56173,0.13296,2.6912,0.14876,0.66472,0.093873,0.067562,0.26656,0.024567,0.017104,2.4908,0.77639,7.4555,0.085728,3.2591,0.56364,0.42541,0.43698,0.5191,1.4361,0.21154,0.13516,2.5573,0.1922,0.74233,0.10064,0.065998,0.26759,0.02917,0.015791,2.5224,0.58305,7.9627,0.080165,3.5398,0.36061,0.36738,0.30546,0.41852,1.5111,0.17257,0.1484,2.5228,0.13808,0.62505,0.099092,0.064712,0.2641,0.024963,0.018494,2.5556,0.65025,6.845,0.07352,3.2518,0.55139,0.4454,0.44474,0.42042,1.3853,0.16943,0.13787,2.3022,0.215,0.76304,0.094196,0.065096,0.26475,0.025462,0.018478,0.023381121,0.007264229,0.901879297,0.033983734
DOE,3,carrier,20,1500,2003,0.98447115,22.9375,39520000,38906299.85,64.84383308,0.14173624,0.1563223,0.858263756,0.09093653,0.42973544,0.52067197,5601416.363,6177857.375,33918583.64,3593811.508,16983144.55,20576956.06,5514432.653,33391867.04,0.09093653,3538003.903,0.42973544,16719415.88,0.52067197,20257419.79,0.2116,0.6416,0.5007,252.4725,9.63,22050.7725,7.185,8877.15,798.5025,7.02,4348.59,16.3425,381.8625,342.6,84.015,192.3975,26.025,143506.2975,3470.7525,13.605,452.6925,236.9925,72.9225,2371.605,2130.5475,612.825,171.15,109.3725,8367.9825,39236.58,163.9875,924.84,3446.0175,576.196,23.253,41268.693,12.949,6191.508,310.523,0,6417.621,0,577.024,196.834,113.643,489.9,60.191,225599.686,4769.28,0,961.446,312.294,81.765,7667.004,3031.331,1660.485,280.623,275.494,12529.411,120325.512,415.403,1032.079,2686.814,967.626,39.852,57601.854,13.446,5163.48,112.914,0,7964.298,0,1802.142,153.144,246.942,687.042,0,384510.294,5660.766,0,1449.954,432.27,76.518,6705.18,7994.106,3737.232,684.18,637.416,25943.814,282503.376,703.512,1651.968,813.618,1292.57,45.03,72458.02,31.73,3745.85,45.505,0,12745.865,92.34,2769.535,136.8,497.895,765.605,0,479692.145,6379.63,0,2322.275,658.54,223.63,4075.975,5315.725,6273.04,997.5,921.31,13934.98,1019651.72,1180.755,2238.77,700.245,2.4961,0.57077,8.6884,0.083934,3.5054,0.3746,0.3536,0.30117,0.49354,1.4405,1.7099,0.13706,2.8777,0.16993,0.63738,0.095225,0.066575,0.2635,0.025257,0.016724,2.5169,0.58896,7.5944,0.08438,3.5205,0.3842,0.35862,0.30675,0.51697,1.5357,0.5319,0.13306,2.4158,0.12937,0.71398,0.089573,0.063099,0.25796,0.023081,0.014948,2.5313,0.77381,6.7842,0.087105,3.3362,0.52806,0.40421,0.4014,0.50335,1.5328,0.32763,0.13511,2.1836,0.17921,0.71016,0.088169,0.066883,0.2682,0.022778,0.015206,2.598,0.6229,7.5252,0.077195,3.5294,0.36293,0.38167,0.32197,0.41791,1.5625,0.18639,0.14345,2.4456,0.12413,0.66779,0.094752,0.059496,0.25921,0.022079,0.018445,2.5738,0.63167,7.1541,0.080587,3.2418,0.50732,0.42183,0.4099,0.39041,1.439,0.23272,0.14047,2.2801,0.21385,0.74381,0.090457,0.064345,0.26024,0.023009,0.018509,0.02361577,0.007274484,0.854621246,0.062500128
DOE,4,carrier,20,1500,786,0.96406452,19.609,28520000,27495120.11,45.82520018,0.10301679,0.11896441,0.896983209,0.06407166,0.40122118,0.46529284,2938038.879,3392864.945,25581961.12,1827323.857,11442828,13270151.85,2832459.014,24662661.07,0.06407166,1761657.987,0.40122118,11031624.53,0.46529284,12793282.52,0.1597,0.622,0.4473,186.27,7.5825,26613.3675,6.8025,2855.13,361.7175,0,3902.0475,13.185,252.12,302.4375,61.5375,122.58,22.1325,100696.0875,1965.375,0,394.7175,228.525,122.685,881.13,816.5475,580.8225,119.2575,106.0425,8367.9825,39236.58,131.625,754.125,2829.5775,430.056,12.312,32098.368,10.248,3247.728,112.128,0,6416.424,0,554.592,182.448,109.752,232.728,50.064,197489.088,2380.92,0,934.704,330.888,104.616,1547.352,2053.896,1850.784,206.688,288.888,7159.392,125557.056,320.376,741.6,1923.384,615.45,30.69,38432.845,4.73,2828.32,40.92,0,8037.37,0,1895.355,148.61,207.185,251.9,0,255387.77,2774.585,0,1240.58,441.32,71.28,1371.315,2276.89,3593.92,251.79,650.98,7727.5,287734.92,528.935,1164.735,605.385,842.536,0,43820.244,29.624,2062.364,33.948,0,9262.744,104.604,2367.344,119.048,424.764,329.82,0,267383.372,3018.336,0,1249.268,701.592,86.204,833.428,1504.016,5005.26,677.488,1012.828,6607.164,51833.72,851.92,1318.268,688.528,2.6057,0.62926,7.1921,0.081296,3.5617,0.37614,0.36113,0.29446,0.53991,1.5595,1.853,0.13158,2.4137,0.17528,0.78265,0.091807,0.067499,0.275,0.022844,0.015974,2.4692,0.56803,7.7108,0.090177,3.445,0.40822,0.35459,0.29881,0.50767,1.5063,0.50242,0.13441,2.6382,0.15832,0.64794,0.099348,0.06764,0.26858,0.025326,0.015955,2.5986,0.67275,6.7874,0.086227,3.5573,0.51266,0.39616,0.38406,0.49908,1.6308,0.44101,0.13772,2.092,0.15634,0.72513,0.089343,0.066242,0.26333,0.022186,0.015654,2.5643,0.54974,6.555,0.079582,3.531,0.38002,0.36324,0.29278,0.41465,1.5932,0.20957,0.14115,2.2014,0.14849,0.7885,0.092513,0.067067,0.2753,0.023322,0.019051,2.6335,0.71274,6.1439,0.076693,3.4781,0.63984,0.4403,0.44144,0.41706,1.4696,0.30186,0.14883,1.9715,0.25708,0.81658,0.091994,0.068563,0.27903,0.022611,0.018463,0.022777991,0.006960837,0.89650032,0.038643213
DOE,5,carrier,20,1500,2003,0.96136364,21.04,40480000,38916000.15,64.86000025,0.14713597,0.08788304,0.852864027,0.0900181,0.38518473,0.47520283,5956064.187,3557505.459,34523935.81,3643932.567,15592277.99,19236210.56,5725943.43,33190056.6,0.0900181,3503144.393,0.38518473,14989849.01,0.47520283,18492993.4,0.2337,0.6118,0.4516,232.38,10.32,27869.235,8.115,5875.6275,732.645,6.885,3167.4225,16.995,343.665,359.895,79.185,212.34,24.255,146374.035,3323.055,0,523.8225,200.49,85.4775,2221.8825,2336.1075,540.525,126.0825,112.7175,8367.9825,39236.58,171,1090.365,3028.4325,651.352,16.848,42431.688,15.028,6202.482,278.2,0,5990.192,28.106,743.21,215.15,137.566,621.4,54.236,256515.272,5031.468,0,1155.466,291.252,86.684,7592.156,2882.646,1840.514,359.684,284.05,18643.508,136020.144,446.212,1211.47,3062.8,1235.034,30.132,62862.21,22.14,5935.032,114.696,0,8831.592,61.884,2666.412,172.8,285.714,916.974,0,407042.064,6939,0,1676.214,388.206,69.984,9016.11,4782.24,3572.586,556.416,606.204,32816.124,282503.376,719.874,1636.848,917.19,1628.492,35.512,74510.984,33.672,3845.048,46.092,0,10537.404,143.98,2928.82,141.404,295.78,878.692,0,434882.804,6930.912,0,2185.828,655.684,125.12,4799.18,6614.064,5721.02,846.768,968.576,19948.268,987452.192,1121.112,1994.56,649.428,2.4441,0.61756,8.3993,0.079512,3.4044,0.38612,0.34995,0.29409,0.48584,1.3988,1.8269,0.13554,2.7405,0.16298,0.59184,0.096618,0.062882,0.25586,0.024213,0.016394,2.5718,0.66536,8.0913,0.083846,3.6169,0.39291,0.36861,0.31905,0.52433,1.5758,0.58016,0.13168,2.535,0.12498,0.68642,0.084308,0.062118,0.25325,0.0205,0.015154,2.5606,0.69909,7.0451,0.083789,3.6465,0.49229,0.38258,0.3456,0.5125,1.6228,0.38421,0.13202,2.22,0.13304,0.71009,0.087769,0.068771,0.26732,0.022021,0.015682,2.5667,0.61266,7.6387,0.081673,3.5794,0.40762,0.36748,0.30777,0.41156,1.564,0.23388,0.14127,2.4257,0.14577,0.65543,0.08627,0.065811,0.26385,0.022135,0.016942,2.5544,0.72141,6.9657,0.081439,3.2731,0.58267,0.43515,0.44168,0.39887,1.3748,0.15988,0.14847,2.3263,0.25014,0.78192,0.095293,0.068521,0.26982,0.026981,0.018443,0.02361577,0.007274484,0.854621246,0.062500128
DOE,6,carrier,30,2500,2003,0.96336539,24.0375,38688000,37270680.21,62.11780035,0.19270662,0.21528235,0.807293382,0.10851581,0.32124629,0.4297621,7455433.637,8328843.595,31232566.36,4198259.464,12428376.7,16626636.16,7182306.808,30088373.47,0.10851581,4044458.052,0.32124629,11973067.74,0.4297621,16017525.79,0.3378,0.5631,0.3979,247.8675,11.355,31447.23,9.33,7674.87,671.7075,7.41,4905.1425,16.3425,294.315,393.855,82.425,224.49,26.73,166935.09,3618.7875,10.1475,547.575,251.775,90.8775,3097.4025,1422.06,590.4225,161.265,102.555,8367.9825,39236.58,189.705,1279.9875,3634.8,795.325,23,72548.05,14.65,7438.6,341.775,0,10495.25,36.075,855.525,283.1,205.125,822.45,103.1,341947.325,7482.8,29.775,1606.425,398.775,119.05,15256.95,7106.725,1735.225,397.525,301.2,27893.275,130788.6,549.75,1450.325,5077.875,1399.41,44.766,92276.064,22.572,6617.16,126.414,0,14086.71,65.286,2503.008,189.486,414.828,1141.29,133.542,573421.842,8623.746,0,2189.808,389.232,118.206,21714.696,6953.202,3948.48,633.42,580.554,60249.474,282503.376,924.858,1830.168,1764.666,2190.336,60.45,123055.647,38.688,6328.743,62.031,0,22826.106,145.545,3644.298,198.927,740.094,1519.527,0,696255.381,9645.681,0,3348.093,816.261,300.297,10186.29,7798.236,6524.787,952.506,947.391,86942.259,998185.368,1746.726,2826.456,971.013,2.4234,0.55553,9.0853,0.07956,3.4754,0.37083,0.35036,0.29144,0.4651,1.3711,1.8568,0.13287,3.0619,0.16501,0.53965,0.10502,0.067673,0.2624,0.026934,0.019943,2.4865,0.58625,8.5279,0.08976,3.583,0.41457,0.35079,0.29404,0.4992,1.5244,0.53299,0.13243,2.8559,0.14684,0.63013,0.091141,0.067931,0.26495,0.02353,0.017141,2.4025,0.64459,7.3994,0.079572,3.3153,0.38546,0.36557,0.32513,0.47891,1.4701,0.2272,0.12548,2.4906,0.12164,0.66921,0.094047,0.063132,0.25526,0.02386,0.015879,2.6039,0.56723,8.4048,0.077907,3.6437,0.35566,0.38962,0.32917,0.41625,1.5588,0.24053,0.13932,2.6725,0.12586,0.7045,0.086677,0.062626,0.25937,0.01987,0.018641,2.6259,0.70624,8.2054,0.083043,3.3938,0.44709,0.43011,0.41076,0.40631,1.4576,0.21827,0.14688,2.7413,0.20394,0.72336,0.088971,0.06726,0.26776,0.023236,0.020332,0.02361577,0.007274484,0.854621246,0.062500128
DOE,7,carrier,10,2500,786,0.94770701,19.8235,30458000,28865260.11,48.10876685,0.14295625,0.06944165,0.857043751,0.07857223,0.35432472,0.43289695,4354161.432,2115053.684,26103838.57,2393152.92,10792022.23,13185175.15,4126469.341,24738790.8,0.07857223,2268007.856,0.35432472,10227675.21,0.43289695,12495683.06,0.2218,0.5496,0.4134,197.58,11.7,20242.995,7.2675,3967.2,572.325,5.97,2626.9575,16.3425,317.745,276.21,84.015,159.3975,22.1325,119482.2,2071.05,11.325,466.9425,200.13,67.6275,1124.265,1203.2025,511.9875,137.9175,110.46,8367.9825,39236.58,134.865,1058.0175,3222.0975,418.968,19.896,45751.344,9.864,6453.984,194.568,0,5629.56,0,533.64,145.176,118.584,395.64,65.112,216653.328,2700.888,0,1015.872,268.848,58.608,3015.744,2839.728,1734.024,309.696,238.224,11261.496,125557.056,361.992,1039.056,2903.016,785.616,29.016,46336.992,11.388,5690.724,66.82,0,7113.132,0,1760.668,120.38,195.884,459.264,90.636,328919.604,3396.432,0,1634.412,286.884,0,3579.004,4389.372,3570.424,460.512,685.88,19142.604,272040.288,573.248,1323.4,1171.872,0,29.003,45974.314,27.548,2362.047,0,0,4939.143,0,2363.987,87.591,231.539,388.582,0,277462.971,2862.276,0,1357.321,307.296,0,1758.707,2624.238,5414.249,558.526,989.012,9427.818,383655.273,590.633,1287.675,588.887,2.4257,0.54475,8.1756,0.086676,3.3459,0.39226,0.34398,0.29065,0.46829,1.4027,1.6141,0.13109,2.7239,0.19066,0.5984,0.093819,0.066702,0.25954,0.024821,0.015641,2.5622,0.61934,7.8104,0.085972,3.6097,0.38597,0.36155,0.31344,0.51754,1.5888,0.61846,0.13292,2.475,0.13769,0.66359,0.088118,0.063115,0.2616,0.021993,0.016203,2.5327,0.66582,6.6896,0.087367,3.1442,0.57088,0.43385,0.45771,0.51705,1.4713,0.30684,0.13181,2.1348,0.20284,0.72379,0.083972,0.068027,0.26213,0.023044,0.014952,2.5486,0.51778,7.1398,0.083639,3.5557,0.41512,0.36039,0.29842,0.42717,1.5666,0.20892,0.14285,2.3206,0.1562,0.69203,0.093681,0.069685,0.27332,0.024206,0.018917,2.6095,0.67223,5.2256,0.074653,3.2904,0.57862,0.43767,0.43296,0.43102,1.4288,0.17927,0.14069,1.7058,0.23071,0.85706,0.094814,0.063542,0.2685,0.02494,0.01693,0.022777991,0.006960837,0.89650032,0.038643213
DOE,8,carrier,20,2500,1579.2,0.9706875,21.318,30400000,29508900,49.1815,0.16611768,0.17614362,0.833882324,0.0811957,0.26798287,0.34917857,5049977.35,5354765.926,25350022.65,2468349.31,8146679.309,10615028.62,4901950.007,24606950.11,0.0811957,2395995.792,0.26798287,7907879.713,0.34917857,10303875.5,0.303,0.4888,0.3214,213.5325,12.045,34404.6,7.4025,4947.6225,673.74,6.0075,4038.66,14.985,324.3075,388.8675,75.8625,206.64,23.55,139644.945,3676.245,10.1475,478.335,244.62,91.545,2582.5725,1858.7775,511.59,166.215,90.5175,8367.9825,39236.58,170.595,1155.42,3623.3625,513.422,21.554,47729.422,16.354,5619.51,327.496,0,5888.428,33.02,870.87,299.468,185.51,447.044,69.29,291436.028,6710.886,39.26,1475.942,312.234,91.286,3637.504,3621.566,1795.586,437.086,323.83,20465.406,136020.144,426.972,1332.422,5041.946,775.39,29.574,81314.137,14.416,5406.795,121.9,0,8317.449,0,2868.996,209.562,298.178,612.627,136.157,461703.67,7852.745,0,1992.164,377.89,99.216,5207.356,5371.179,4023.813,520.672,668.065,38892.619,277271.832,747.406,1948.81,2541.827,1425.285,45.03,97753.575,38.95,4064.765,44.84,0,11194.8,92.34,3590.43,186.58,607.43,675.26,0,601684.875,9058.155,0,2539.92,576.84,237.31,3693.41,5912.895,6681.635,899.08,1083.285,53789.57,1019651.72,1473.355,2362.46,857.09,2.5003,0.58944,9.1373,0.086344,3.5288,0.41549,0.35518,0.30041,0.48694,1.4177,1.8433,0.14096,2.9748,0.16927,0.57346,0.10126,0.066073,0.26314,0.025842,0.018672,2.5369,0.59666,8.1679,0.08734,3.5993,0.40264,0.35671,0.30078,0.52227,1.5734,0.56658,0.13117,2.7088,0.13724,0.70814,0.090822,0.065559,0.26446,0.022848,0.015333,2.6304,0.75563,6.689,0.080802,3.6221,0.44552,0.38848,0.34856,0.54922,1.6634,0.36688,0.13138,2.0466,0.11901,0.8189,0.086816,0.065476,0.26276,0.02032,0.015381,2.5418,0.5297,7.5761,0.083409,3.5712,0.39508,0.35642,0.28849,0.47863,1.5467,0.18447,0.14161,2.5802,0.16108,0.66358,0.10164,0.068693,0.27683,0.024764,0.017929,2.5889,0.72187,7.0604,0.074968,3.4443,0.55639,0.43175,0.42443,0.45225,1.4169,0.20173,0.13878,2.2326,0.21345,0.78655,0.090328,0.059944,0.25442,0.022362,0.016295,0.023381121,0.007264229,0.901879297,0.033983734
DOE,9,carrier,20,500,1579.2,0.9872549,15.4325,17442000,17219699.97,28.69949994,0.07783973,0.07918839,0.922160269,0.045794,0.49952696,0.54532096,1357680.588,1381203.881,16084319.41,798738.8957,8712749.306,9511488.202,1340376.796,15879323.15,0.045794,788558.9402,0.49952696,8601704.376,0.54532096,9390263.316,0.0917,0.5883,0.5417,134.3925,5.535,11494.4625,5.5425,2026.335,240.39,0,2497.1475,10.395,168.96,86.235,44.61,77.0325,0,57079.575,1379.265,0,357.915,172.3275,93.3225,432.075,643.1925,518.955,112.395,94.71,2321.6175,39236.58,102.78,394.77,1127.2275,215.075,9.475,15501.525,2.775,1807.475,49.75,0,3255.425,0,215.2,52.5,0,89.3,0,97491.6,1456.675,0,518.225,257.325,64.725,482.7,1051.25,1671.35,165.75,264.95,3015.4,20414.325,263.975,389.75,355.625,1294.164,34.992,89298.018,20.79,5970.078,132.462,0,10339.38,65.286,2311.47,200.178,414.828,1230.606,117.936,508393.746,8543.61,64.314,1875.474,452.952,95.148,20724.552,9806.778,4169.07,709.398,668.142,60249.474,282503.376,827.334,1925.694,1670.49,717.535,0,21092.375,19.095,1621.27,40.66,0,7371.335,115.33,2094.94,52.725,1099.245,189.525,0,131553.245,2349.635,0,726.655,487.065,89.015,316.255,659.395,3270.755,598.215,967.765,3498.375,17605.21,606.1,587.29,556.7,2.7885,0.652,3.5897,0.077495,3.5964,0.39154,0.37198,0.31553,0.59922,1.7713,2.4515,0.13678,1.1184,0.18989,0.94737,0.09174,0.06779,0.28542,0.020547,0.010723,2.591,0.50723,6.0532,0.081512,3.2311,0.6951,0.45877,0.50946,0.5706,1.4921,0.66267,0.13145,1.8845,0.22638,0.81479,0.085633,0.063831,0.26582,0.023679,0.014498,2.62,0.58368,5.1754,0.080129,2.8988,1.0815,0.58295,0.76262,0.5136,1.323,0.47617,0.13699,1.6679,0.35676,0.8214,0.082995,0.066246,0.26898,0.023682,0.014959,2.5256,0.61827,7.6747,0.078668,3.5529,0.35366,0.36726,0.30011,0.42456,1.5206,0.15876,0.1437,2.5896,0.13697,0.6462,0.10315,0.066928,0.26916,0.025327,0.018508,2.7057,0.61382,4.1656,0.075619,3.5042,0.65035,0.4253,0.4186,0.41703,1.5696,0.3357,0.15026,1.3247,0.26866,0.92412,0.090995,0.070219,0.28108,0.022515,0.014269,0.023381121,0.007264229,0.901879297,0.033983734
DOE,10,carrier,10,2500,2003,0.9379562,20.446,26578000,24928999.88,41.54833314,0.17087616,0.08686273,0.829123842,0.10108884,0.36240968,0.46349852,4541546.527,2308637.505,22036453.47,2686739.11,9632124.661,12318863.77,4259771.773,20669228.16,0.10108884,2520043.681,0.36240968,9034510.871,0.46349852,11554554.55,0.2789,0.5916,0.4371,244.785,8.9475,22349.6775,9.135,6450.12,820.1175,6.3,3395.4075,19.485,380.3325,378.3825,85.59,208.5975,24.9675,151731.0675,3561.81,16.335,452.6925,233.94,79.0425,2141.55,1584.7875,573.48,156.2925,108.6375,8367.9825,39236.58,164.3925,1228.98,3412.53,822.624,23.16,65155.32,16.992,9745.32,383.544,0,10562.904,33.264,608.76,295.68,190.704,827.592,82.152,346459.488,7374.864,0,1527.528,359.064,106.56,27838.44,6966.552,1609.464,337.56,314.88,26777.544,125557.056,565.008,1380.048,5299.68,1299.684,46.92,75933.645,21.216,5772.078,123.012,0,10254.927,0,2216.409,187.68,391.782,1062.228,86.394,481160.061,8158.368,0,1815.651,384.591,66.096,14476.962,7750.878,3537.105,622.251,596.7,56902.281,266808.744,833.952,1889.754,1576.053,1639.688,0,79575.308,33.271,3225.929,42.874,0,8215.318,138.71,3558.154,159.953,447.849,991.146,0,502579.116,7599.368,0,2286.096,406.236,167.131,6592.411,8020.251,6098.002,765.621,1195.331,28456.502,1041118.072,965.732,1987.045,768.628,2.4358,0.6073,8.8614,0.075797,3.4157,0.34487,0.35379,0.30419,0.47524,1.3761,1.7892,0.13641,2.8454,0.14476,0.58724,0.098596,0.065319,0.25431,0.025255,0.017641,2.5457,0.48214,7.7477,0.085042,3.5631,0.37611,0.36179,0.30947,0.52898,1.5549,0.50418,0.13603,2.5115,0.13202,0.66284,0.099721,0.06481,0.26233,0.023869,0.015324,2.5961,0.65559,7.8685,0.087768,3.599,0.4829,0.40328,0.38867,0.5167,1.6007,0.35227,0.1361,2.5439,0.15664,0.69773,0.090761,0.06535,0.27195,0.022402,0.017438,2.5562,0.60935,7.7927,0.08137,3.6037,0.38058,0.36868,0.30763,0.4279,1.5632,0.23817,0.14352,2.4934,0.14152,0.73427,0.091127,0.065795,0.26555,0.022423,0.017998,2.6918,0.7055,6.1105,0.076598,3.7052,0.64737,0.43222,0.41933,0.45019,1.5564,0.3281,0.15199,1.9482,0.23709,0.81471,0.096559,0.067359,0.28417,0.022249,0.018117,0.02361577,0.007274484,0.854621246,0.062500128
DOE,11,carrier,30,1500,1579.2,0.98939759,22.7985,31540000,31205599.99,52.00933331,0.13729083,0.13759288,0.862709168,0.08437204,0.39598478,0.48035682,4330152.841,4339679.435,27209847.16,2661094.205,12489359.87,15150454.07,4284242.723,26921357.2,0.08437204,2632880.13,0.39598478,12356942.65,0.48035682,14989822.78,0.2131,0.6145,0.459,219.8475,8.9475,23195.0625,8.805,5957.115,682.395,5.94,4570.0275,14.985,379.5675,375.87,65.3025,162.2325,22.1325,133155.975,2962.125,8.9325,489.1275,215.0775,76.47,1883.22,1961.7075,553.9275,114.12,101.235,8367.9825,39236.58,152.3325,933.1275,3406.47,527.4,13.95,43649.3,12.4,5102.575,243.875,0,6562.075,0,654.675,216.4,148.7,445.175,57,234220.925,3952.025,0,897.95,260.525,64.725,5747.525,2945.925,1825.9,281.425,268.175,12592.6,130788.6,408.125,1112.3,2982.6,942.678,30.132,53970.246,17.658,4028.994,93.636,0,9078.75,0,2323.242,168.426,246.942,611.334,0,383751,5274.45,0,1596.294,407.214,0,4876.254,4176.09,3757.482,465.048,630.666,19920.924,282503.376,653.346,1429.596,769.014,1015.835,45.03,69943.37,34.675,3180.125,39.235,0,15556.345,122.36,2536.31,141.835,438.615,672.98,0,458075.845,5428.585,0,2184.715,788.5,0,3269.615,3182.31,6162.555,849.585,871.815,13368.59,1019651.72,1253.905,2077.365,651.795,2.4919,0.64703,8.406,0.073685,3.445,0.34415,0.36417,0.30966,0.50383,1.4231,1.8495,0.13534,2.6506,0.14242,0.63507,0.098934,0.062365,0.25254,0.025168,0.015207,2.5361,0.47853,7.8398,0.086262,3.5845,0.3965,0.35962,0.30585,0.52176,1.5601,0.55621,0.13323,2.5117,0.13823,0.73665,0.090848,0.06391,0.2589,0.023271,0.015684,2.5277,0.54755,6.9417,0.084499,3.3371,0.47522,0.40028,0.3886,0.50108,1.5365,0.30561,0.13097,2.2397,0.15501,0.71607,0.090306,0.065108,0.26134,0.022756,0.015676,2.6279,0.70662,7.6684,0.074074,3.5683,0.32018,0.3937,0.32863,0.42408,1.5881,0.18666,0.13953,2.5682,0.11003,0.75365,0.10081,0.061611,0.26344,0.022946,0.017698,2.4619,0.6134,6.8019,0.077132,3.0198,0.60186,0.44481,0.47324,0.38462,1.2769,0.15241,0.14114,2.2436,0.23458,0.64618,0.090892,0.062316,0.2461,0.025957,0.01661,0.023381121,0.007264229,0.901879297,0.033983734
DOE,12,carrier,10,1500,1579.2,0.98136364,17.925,20900000,20510500.08,34.18416679,0.13511073,0.0712805,0.864889272,0.08100897,0.39492642,0.47593539,2823814.215,1489762.534,18076185.79,1693087.452,8253962.199,9947049.651,2771188.638,17739311.48,0.08100897,1661534.485,0.39492642,8100138.367,0.47593539,9761672.853,0.2051,0.5996,0.4566,213.5325,6.9,33170.2275,7.6875,6212.745,602.3475,0,3492.6375,12.0375,356.3175,245.805,72.45,157.98,24.255,132332.2275,2627.535,0,446.895,237.6975,65.4225,1344.495,1583.91,603.6675,157.95,102.8775,8367.9825,39236.58,148.5975,926.265,3526.77,510.6,13.95,37111.7,14.025,5259.525,220.175,0,6188.6,0,592.05,152.25,163.975,358.95,54.6,239049.85,3627.6,0,1112.05,302.45,59.8,3420.675,2901.225,1697.75,310.9,299.325,9815.475,130788.6,394.7,1013.825,2884.35,800.724,41.552,51411.749,8.639,4122.817,86.814,0,7168.78,0,2768.243,129.638,242.369,478.325,100.223,338950.105,4745.62,0,1329.346,381.017,0,2923.904,3283.244,3467.26,571.446,724.404,16231.833,277271.832,549.875,1249.369,1115.12,958.17,28.405,47727.715,27.645,2345.645,28.69,0,5989.94,75.05,2940.63,118.56,374.965,405.27,0,309701.995,4109.51,0,1551.54,533.615,99.845,1651.195,2275.44,5488.15,749.835,1049.085,10075.7,160052.01,722.38,1385.1,685.425,2.5162,0.61102,8.4034,0.076687,3.4879,0.36588,0.36558,0.30727,0.50151,1.4523,1.7191,0.12924,2.753,0.15061,0.64949,0.090146,0.061914,0.25568,0.02259,0.016075,2.5519,0.53309,7.5607,0.080824,3.5324,0.35617,0.37149,0.3229,0.51951,1.5792,0.62127,0.12583,2.4208,0.11455,0.7196,0.087713,0.062478,0.25944,0.020753,0.015179,2.5282,0.63648,6.6683,0.081762,3.2897,0.57767,0.43087,0.4433,0.52311,1.4712,0.24211,0.13094,2.2476,0.18216,0.69939,0.094371,0.063994,0.26675,0.026327,0.016244,2.5724,0.62298,6.4654,0.080219,3.5454,0.37557,0.3659,0.2974,0.42033,1.5879,0.20344,0.14114,2.1484,0.14545,0.78194,0.096039,0.066951,0.27378,0.022906,0.017603,2.7066,0.66694,4.9697,0.074855,3.4349,0.529,0.43486,0.43201,0.44908,1.5726,0.42494,0.14706,1.5428,0.23604,0.92856,0.086794,0.063748,0.27475,0.020118,0.015455,0.023381121,0.007264229,0.901879297,0.033983734
DOE,13,carrier,30,1500,1579.2,0.98617801,24.0345,35526000,35034959.98,58.39159997,0.14250407,0.17157724,0.857495935,0.08489973,0.37704065,0.46194038,5062599.413,6095452.886,30463400.59,3016147.772,13394746.13,16410893.9,4992624.39,30042335.77,0.08489973,2974458.643,0.37704065,13209604.08,0.46194038,16184062.73,0.2252,0.5958,0.4397,210.36,8.265,27816.6,7.3275,6783.0375,613.2525,5.91,3368.3925,12.0375,321.0375,327.12,68.9325,178.545,21.7725,121623.75,2584.7025,0,397.2375,205.9575,74.82,2152.41,1425,582.6225,136.23,96.495,8367.9825,39236.58,148.2,890.7075,3214.2825,418.968,15.552,32252.592,16.2,6189.864,191.496,0,5823.384,27.504,479.424,204.096,126.984,322.992,41.832,213028.344,3377.472,0,1048.992,248.784,60.96,4558.608,5674.032,1464,258.768,263.592,6452.112,125557.056,372.768,738.912,2187.192,1235.034,25.326,52212.276,15.012,5159.106,82.89,0,8651.826,0,1950.75,157.248,285.714,572.67,0,373186.17,4958.496,0,1279.908,409.266,82.89,4277.502,4107.078,3612.924,491.346,655.776,19505.988,282503.376,768.204,1278.882,761.4,1496.928,35.898,69368.514,29.295,3831.042,45.198,0,16187.952,105.741,2482.914,138.849,367.071,722.424,0,435841.059,5044.041,0,1782.438,773.667,117.273,3511.308,5307.696,5967.717,1072.011,877.827,11655.318,998185.368,1206.117,1936.353,593.433,2.4948,0.5493,8.302,0.083877,3.4939,0.39311,0.35119,0.29199,0.49873,1.4498,1.7327,0.13549,2.7807,0.17623,0.63583,0.099259,0.066786,0.26432,0.026077,0.016816,2.6076,0.54492,8.2697,0.088644,3.6936,0.40229,0.36925,0.3196,0.52953,1.6112,0.59543,0.1357,2.6079,0.13863,0.69286,0.09033,0.065978,0.26409,0.022131,0.016415,2.5454,0.66842,7.0603,0.084889,3.3964,0.63138,0.43461,0.45285,0.50329,1.4588,0.25546,0.13954,2.2698,0.19945,0.73628,0.089431,0.064054,0.26276,0.025211,0.016994,2.5658,0.51885,8.1522,0.080255,3.5198,0.37094,0.38054,0.32603,0.39872,1.5483,0.1941,0.14342,2.6276,0.13446,0.65126,0.091307,0.063875,0.26111,0.021949,0.017604,2.614,0.6458,7.9409,0.087064,3.4269,0.62956,0.44145,0.44893,0.40264,1.4251,0.20738,0.15213,2.5471,0.25657,0.67064,0.090185,0.066327,0.27048,0.024521,0.019096,0.023381121,0.007264229,0.901879297,0.033983734
DOE,14,carrier,10,500,786,0.95260323,10.745,10360200,9869159.983,16.44859997,0.07625664,0.0591716,0.923743361,0.0439647,0.41359533,0.45756003,790034.0314,613029.5896,9570165.969,455483.0746,4284930.348,4740413.423,752588.98,9116571.013,0.0439647,433894.6579,0.41359533,4081838.48,0.45756003,4515733.138,0.1063,0.5765,0.4477,113.31,4.86,10386.345,5.115,1308.855,80.5725,0,2424.0075,11.235,146.325,57.18,28.2525,45.12,21.42,44458.4325,760.3125,0,261.9675,177.6375,77.4075,158.2725,353.475,563.1825,87.975,84.9075,1397.37,39236.58,81.66,342.165,1118.9325,241.35,11.725,14176.325,7.15,1360.175,19.525,0,4210.775,0,209.3,38.75,70.375,73.95,0,86947.475,914.35,0,523.925,293.975,53.425,238.3,280.6,1572.025,133.925,255.275,2642.8,13078.925,259.625,476.475,414.1,502.26,20.845,16878.565,0,1246.575,0,0,4742.21,0,1629.21,37.18,0,105.105,0,99190.575,1241.46,0,571.175,350.57,0,216.975,754.325,2456.795,251.79,701.36,2499.035,15212.78,353.045,554.4,295.02,880.71,27.807,15034.287,19.809,989.241,0,0,4001.697,73.47,2075.388,48.174,1152.456,166.842,0,76284.273,1409.694,0,714.891,476.811,175.863,154.845,373.116,2326.023,585.621,949.995,4266.933,20253.726,371.163,456.63,864.342,2.6426,0.61673,2.9887,0.073944,3.3693,0.39703,0.35681,0.28517,0.5695,1.6226,1.8898,0.12735,0.97575,0.1797,0.95084,0.092021,0.063183,0.27229,0.020856,0.012003,2.5688,0.5485,5.3385,0.08504,2.9622,0.82731,0.49254,0.57843,0.58172,1.3795,0.60589,0.13587,1.777,0.30079,0.80278,0.090495,0.06655,0.27859,0.026394,0.014212,2.6251,0.60404,5.0141,0.083246,2.9067,1.0319,0.55219,0.71455,0.54909,1.3568,0.39267,0.14025,1.5529,0.35441,0.855,0.090845,0.068161,0.27775,0.024871,0.014015,2.7672,0.54512,3.9715,0.078059,3.6545,0.40929,0.36895,0.30333,0.44597,1.8533,0.449,0.15143,1.2754,0.15889,1.0403,0.097252,0.071036,0.29526,0.021489,0.015699,2.6529,0.58658,2.4461,0.070273,3.0133,0.60119,0.45259,0.45875,0.48781,1.4445,0.22624,0.13172,0.82564,0.27528,1.0175,0.098226,0.065354,0.27935,0.023581,0.013489,0.022777991,0.006960837,0.89650032,0.038643213
DOE,15,carrier,30,500,786,0.98937824,19.2475,36670000,36280500.06,60.4675001,0.06396597,0.15707899,0.936034031,0.03836383,0.41843748,0.45680131,2345632.083,5760086.637,34324367.92,1406801.499,15344102.46,16750903.96,2320717.378,33959782.72,0.03836383,1391858.937,0.41843748,15181121.02,0.45680131,16572979.96,0.0917,0.5998,0.447,158.22,7.92,11415.285,6.0975,2685.315,188.2725,0,2379.99,14.28,156.6975,86.505,49.1925,107.3325,16.0125,53216.0025,1019.8275,0,273.8475,142.7325,103.7925,563.0925,539.2275,517.455,102.015,80.1975,1362.21,39236.58,118.41,400.68,1193.7975,333.768,9.096,16314.96,4.8,2952.36,41.616,0,3948.408,0,293.592,50.592,0,143.208,0,103824.576,1083.048,0,523.056,201.312,77.856,674.184,913.68,1581.384,183.072,255.264,2792.88,35982.048,299.616,536.64,415.512,493.128,0,21660.372,4.644,3108.78,18.198,0,6296.778,0,840.024,41.688,0,170.856,0,151041.51,1434.294,0,753.462,339.822,0,741.096,1255.392,2946.348,275.346,596.808,2733.588,16709.22,490.968,608.796,276.21,1265.685,28.405,36026.28,27.55,4526.275,125.685,0,18355.425,75.05,1639.605,60.705,7341.695,320.34,0,212690.94,2534.79,0,1082.24,950.57,194.845,995.79,2212.075,4862.29,749.835,918.365,5920.495,29117.5,932.33,1210.965,1127.745,2.7388,0.64917,3.2417,0.076804,3.5097,0.40267,0.36577,0.29971,0.59864,1.7447,2.4595,0.13488,1.0462,0.19122,1.0748,0.095534,0.070368,0.28755,0.021343,0.011957,2.5664,0.60189,6.398,0.083003,3.2781,0.73941,0.45626,0.51947,0.55361,1.4778,0.67933,0.13228,1.8901,0.24045,0.82434,0.086568,0.065178,0.26155,0.023337,0.014156,2.5813,0.57339,5.4721,0.081534,2.8698,0.93719,0.54523,0.68609,0.51059,1.329,0.30463,0.13434,1.7725,0.31603,0.89736,0.094554,0.065106,0.26759,0.025542,0.015128,2.5968,0.4989,6.4076,0.081976,3.2108,0.60172,0.43539,0.44529,0.40046,1.5187,0.28413,0.14191,2.0687,0.21975,0.82132,0.086099,0.065576,0.27054,0.022987,0.016885,2.6133,0.5438,6.217,0.078132,3.2028,0.61463,0.44369,0.45864,0.40296,1.4639,0.23854,0.13923,1.9566,0.24104,0.74119,0.088773,0.065137,0.26795,0.022855,0.016723,0.022777991,0.006960837,0.89650032,0.038643213
DOE,16,carrier,10,500,2003,0.9590621,15.405,14359800,13771939.94,22.95323324,0.09114202,0.04522531,0.90885798,0.04532699,0.37550838,0.42083537,1308781.179,649426.4496,13051018.82,650886.4966,5392225.206,6043111.703,1255202.426,12516737.52,0.04532699,624240.5841,0.37550838,5171478.858,0.42083537,5795719.442,0.1207,0.4973,0.4132,171.5325,8.9475,14740.8225,5.01,3583.6575,324.075,0,1943.13,11.64,205.485,135.9375,55.59,140.6325,14.1825,60855.8475,1555.2,0,375.3075,148.4175,94.2075,1090.1625,937.575,497.3475,131.1675,93.4575,3704.0625,39236.58,100.515,416.4825,1327.86,377.7,11.725,19816.375,9.925,3827.75,85.975,0,2742.175,0,325.175,82.025,94.175,202.125,0,111942.2,1922.5,0,500.175,165.35,67.15,1134.575,1130.975,1478.65,227.475,302,3353.175,89523.775,274.475,542.5,564.6,751.52,0,22297.275,0,3168.77,32.725,0,3275.14,0,1206.7,62.37,154.825,217.36,0,128025.975,2272.05,0,844.305,265.375,0,1039.115,1960.585,2678.115,266.145,626.01,3875.465,23633.995,375.595,676.115,274.01,0,0,23528.05,20.202,2302.573,0,0,3698.24,0,1443.897,51.597,124.852,178.997,0,111923.994,2696.876,0,578.396,297.479,0,585.494,1734.187,3076.437,474.565,1071.434,3825.003,23091.705,488.397,665.301,502.593,2.6577,0.61996,4.592,0.076686,3.4842,0.39304,0.36179,0.30418,0.55877,1.6655,2.269,0.13143,1.4154,0.18175,0.87628,0.091325,0.065511,0.2708,0.020253,0.012306,2.5789,0.58556,6.9119,0.083402,3.4273,0.49405,0.40206,0.38762,0.54508,1.5835,0.66467,0.13137,2.1483,0.16195,0.74479,0.085919,0.064029,0.25996,0.021713,0.013619,2.6165,0.59669,5.0293,0.083903,3.084,0.64158,0.45918,0.50464,0.50764,1.525,0.32636,0.13549,1.6342,0.22103,0.87879,0.086874,0.066467,0.26695,0.023528,0.013589,2.6819,0.56415,4.7838,0.079589,3.5991,0.43196,0.37201,0.31559,0.39789,1.765,0.43414,0.15197,1.5239,0.17311,0.96644,0.095011,0.070384,0.28881,0.021867,0.016256,2.7657,0.59368,3.5947,0.076064,3.4136,0.6577,0.44185,0.45416,0.4196,1.6033,0.36537,0.15361,1.1535,0.29168,1.0096,0.096464,0.071157,0.29328,0.022895,0.015281,0.02361577,0.007274484,0.854621246,0.062500128
DOE,17,carrier,20,1500,786,0.97359788,20.636,35532000,34593879.87,57.65646645,0.09407363,0.09753236,0.905926375,0.05119337,0.35657362,0.40776699,3342624.044,3465519.887,32189375.96,1819002.681,12669774.01,14488776.69,3254371.855,31339508.19,0.05119337,1770977.292,0.35657362,12335264.98,0.40776699,14106242.27,0.1436,0.5442,0.3936,210.36,8.265,9255.42,7.41,8877.15,531.075,6.2325,3000.135,12.0375,306.1275,233.085,65.3025,145.7625,25.6725,102498.0975,1796.7825,0,382.485,192.7425,61.1925,1522.05,1214.3325,615.4275,124.38,95.13,8367.9825,39236.58,122.505,707.7075,2752.98,395.475,19.6,35674.25,14.3,6320.625,195.975,0,4725.925,0,464,163,114.325,280.05,47.275,198207.85,2633.525,0,783.825,292.65,77.7,2172.625,2325.575,1764.95,299.15,349.1,10003.725,130788.6,324.825,838.5,1870.8,942.678,20.466,45234.126,0,5223.906,63.45,0,6691.248,0,3191.994,133.218,152.01,367.146,0,288845.676,3200.85,0,996.462,434.322,48.87,2184.084,2741.472,3754.566,517.482,615.708,12875.382,282503.376,528.336,1147.284,572.346,831.242,23.97,60832.758,26.602,5091.98,24.158,0,12102.406,0,2384.31,96.444,433.998,405.892,0,316239.03,3950.538,0,1347.302,752.282,88.078,1640.676,2717.54,5382.346,741.942,896.948,7899.008,144755.018,952.972,1779.326,772.962,2.482,0.63019,7.5128,0.074212,3.4063,0.33207,0.3561,0.29836,0.50453,1.4594,1.6911,0.12359,2.4991,0.14411,0.69501,0.09141,0.06392,0.25695,0.023481,0.014246,2.5956,0.75995,7.8044,0.082309,3.6165,0.38747,0.37737,0.33496,0.52909,1.6044,0.59832,0.13091,2.4249,0.1234,0.67289,0.088969,0.060769,0.25578,0.019872,0.014451,2.5233,0.66559,6.497,0.080645,3.1972,0.71055,0.46173,0.51078,0.51911,1.4228,0.26692,0.13117,2.162,0.22462,0.76448,0.092682,0.067073,0.26861,0.026284,0.01611,2.5577,0.5405,6.5984,0.081731,3.5114,0.3899,0.35888,0.28884,0.41215,1.5944,0.20548,0.14335,2.2515,0.15379,0.81237,0.097162,0.068949,0.27818,0.02306,0.017557,2.5791,0.69553,6.0959,0.074854,3.1326,0.59741,0.46296,0.49103,0.41532,1.3455,0.16105,0.14563,2.0287,0.24511,0.83066,0.094056,0.061532,0.25759,0.026564,0.016875,0.022777991,0.006960837,0.89650032,0.038643213
DOE,18,carrier,30,2500,786,0.97004444,23.38,41850000,40596359.81,67.66059969,0.10954837,0.15963072,0.89045163,0.06193655,0.34071602,0.40265257,4584599.285,6680545.674,37265400.72,2592044.45,14258965.44,16851009.89,4447265.046,36149094.77,0.06193655,2514398.469,0.34071602,13831830.14,0.40265257,16346228.61,0.1818,0.5654,0.3826,211.9425,5.535,21969.9375,5.97,3222.1875,380.4825,0,4633.395,12.0375,334.0425,222.405,63.435,125.415,18.5475,106161.63,1899.6525,0,425.115,209.865,63.195,929.8875,1193.6925,524.805,105.4875,98.925,8367.9825,39236.58,134.9325,939.6975,2894.3625,365.75,12.825,31003.225,10.675,3429.175,140.95,0,7183.725,0,634.125,161.125,114.325,248.4,44.825,206623.725,2813.425,0,809.25,338.575,73.075,1830.775,1904.725,1539.925,190.7,302.125,7827.325,130788.6,323.925,845.2,2598.9,857.065,30.69,51653.745,4.18,3419.02,47.355,0,10627.265,0,2408.12,127.325,291.005,352.44,0,334998.125,3412.42,0,1278.42,547.91,49.775,1842.72,2574,3858.965,513.81,601.425,14432.385,287734.92,635.745,1421.035,744.645,1104.84,44.082,75800.115,28.365,3459.786,30.132,0,25278.237,53.94,2592.933,108.159,1438.617,449.469,0,453500.55,4080.096,0,1782.438,980.592,143.871,1940.073,2649.291,6039.234,758.601,868.341,14691.024,998185.368,1367.1,1938.678,744.93,2.499,0.55625,8.2114,0.081264,3.4788,0.41838,0.35458,0.29734,0.49149,1.4533,1.7883,0.12828,2.5976,0.17203,0.62588,0.089607,0.064908,0.25854,0.022532,0.015329,2.5414,0.74059,8.0508,0.088621,3.5877,0.41517,0.36096,0.30907,0.51055,1.5587,0.55691,0.13347,2.5798,0.14265,0.68387,0.088387,0.066544,0.26184,0.023024,0.016233,2.5478,0.60522,7.0229,0.086569,3.4962,0.526,0.39881,0.38487,0.50637,1.5344,0.26174,0.13652,2.2348,0.17412,0.72009,0.089009,0.067829,0.26754,0.025171,0.01685,2.583,0.51591,7.6695,0.0842,3.5747,0.40122,0.37157,0.31451,0.40388,1.5909,0.28852,0.14279,2.3978,0.15066,0.69762,0.089547,0.068054,0.26794,0.021681,0.017386,2.5546,0.95476,7.3616,0.076395,3.2887,0.55131,0.43847,0.43553,0.40151,1.3926,0.22762,0.13859,2.4201,0.21877,0.70897,0.084867,0.062855,0.25702,0.022223,0.018889,0.022777991,0.006960837,0.89650032,0.038643213
ADOE,1,carrier,40,500,1729,0.952857143,17.6445,20832000,19849920,33.55038917,0.084173494,,0.915826506,0.037187448,0.393643898,0.430831346,1753502.227,,19078497.77,774688.9167,8200389.683,8975078.6,1670837.122,18179082.88,0.037187448,738167.8748,0.393643898,7813799.878,0.430831346,8551967.752,0.0945,0.4418,0.4298,92.637,3.483,4883.436,3.294,1286.892,117.09,0,1684.962,5.823,150.381,45.729,26.946,53.307,0,33852.105,282.231,0,184.617,96.201,66.726,238.131,1035.396,343.593,70.506,68.49,871.371,419269.203,142.173,252.531,514.215,418.225,20.65,8784.1,2.275,2012,54.65,0,3683.3,8.15,536.2,42.65,74.85,98.25,0,71634.25,354.05,0,246.625,227.075,99.325,439.175,1753.725,960.7,154.425,163.4,1713.975,11477.65,349.1,452.425,149.425,479.808,0,13777.232,8.456,2375.408,27.104,0,8137.64,0,885.304,54.096,284.368,152.264,0,140790.608,810.6,0,600.712,608.608,143.416,680.064,1868.608,2109.464,242.76,399.672,1946.784,12445.832,637.672,797.664,215.992,805.392,0,24090.226,11.656,4112.688,153.314,0,27967.726,18.894,2046.474,45.684,5429.628,130.002,0,196069.9,1198.03,0,972.242,1043.87,201.724,619.648,2102.78,2930.826,497.072,715.34,5627.686,29073.166,883.976,1171.522,879.652,2.4543,0.65917,2.0261,0.076154,3.1664,0.24112,0.32146,0.24678,0.51496,1.5289,1.8022,0.15745,0.74121,0.21006,1.2652,0.15018,0.049058,0.28279,0.039528,0.01037,2.4365,0.63516,3.631,0.091042,2.7637,0.71588,0.48279,0.58733,0.55027,1.3107,0.48427,0.16294,1.401,0.33793,1.0529,0.15613,0.050294,0.27947,0.069814,0.012023,2.4633,0.929,3.7282,0.089635,2.3693,1.067,0.59124,0.83784,0.52131,1.0864,0.20836,0.17118,1.6028,0.47977,1.1403,0.14133,0.047734,0.2722,0.079393,0.012283,2.2741,0.8115,4.8149,0.089952,2.7613,0.5895,0.42332,0.48909,0.3616,1.2153,0.12914,0.18318,1.7601,0.32056,1.0214,0.1584,0.051889,0.2682,0.061373,0.016898,2.5471,1.1419,4.9175,0.085983,3.4346,0.25043,0.33638,0.26369,0.31758,1.5265,0.1183,0.18102,1.6278,0.2505,1.113,0.13209,0.045915,0.27975,0.035494,0.016594,0.02777395,0.009292674,0.939156587,0.041730423
ADOE,2,carrier,35,2000,1282,0.994720721,15.8005,20646000,20537004,34.71170043,0.099706467,,0.900293533,0.05643405,0.408105293,0.464539343,2058539.718,,18587460.28,1165137.396,8425741.879,9590879.276,2047672.112,18489331.89,0.05643405,1158986.307,0.408105293,8381260.036,0.464539343,9540246.345,0.1383,0.566,0.4533,150.561,3.933,6711.471,4.068,2032.848,141.903,0,2812.743,6.984,350.136,58.932,55.26,84.492,0,59320.431,307.89,0,231.588,146.277,79.704,384.561,1416.303,385.677,117.09,103.635,1606.221,419269.203,147.636,321.174,983.115,392.4,40.775,7357.125,1.65,2137.9,42.325,0,3150.275,11,2502.625,41.7,0,65.775,0,68058.925,258.7,0,287.425,138.475,36.75,264.975,1064.55,629.65,50.15,99.275,843.35,5551.25,202.85,436.25,87.225,669.928,0,17549.56,8.512,3971.016,46.76,0,10848.152,11.256,1237.096,57.232,212.52,120.4,0,150597.104,828.072,0,665.504,415.016,95.424,574.056,2190.272,2077.432,278.824,439.264,2905.56,20275.08,692.888,971.992,412.104,1226.7,0,42611.14,16.356,7397.142,145.418,0,48039.922,41.36,3333.428,55.836,2272.45,165.722,0,246397.124,1623.286,0,1569.612,999.126,170.798,553.378,1967.232,3172.688,607.522,700.018,6397.734,103973.4,783.678,2035.57,2732.016,2.5835,0.70984,3.7554,0.095279,3.4342,0.2865,0.35024,0.27154,0.52382,1.6231,2.0135,0.16508,1.2721,0.21392,1.3394,0.14811,0.047433,0.28716,0.037827,0.011993,3.119,0.85764,7.1304,0.11731,4.4131,0.37658,0.4408,0.38546,0.67548,2.0727,0.67251,0.16417,2.1685,0.17185,1.1421,0.09996,0.062227,0.31013,0.023883,0.014523,2.5738,1.2922,4.3292,0.089531,3.4493,0.35272,0.37352,0.33866,0.53941,1.6142,0.22012,0.14982,1.4263,0.20807,1.2719,0.10454,0.064291,0.28344,0.029723,0.01436,2.7076,0.97016,5.536,0.10369,3.562,0.37608,0.39015,0.32643,0.41159,1.6751,0.15423,0.16806,1.8288,0.23708,1.1783,0.12453,0.075114,0.29646,0.028268,0.015516,2.4575,0.95787,4.8138,0.082453,3.2732,0.22832,0.33382,0.25527,0.29132,1.4572,0.10882,0.16034,1.5081,0.23966,1.0564,0.12521,0.047827,0.27426,0.033044,0.014404,0.023250508,0.007334048,0.899952866,0.036954988
ADOE,3,carrier,30,1500,1729,0.959330144,18.2835,38874000,37293000,63.03273078,0.141848089,,0.858151911,0.08427673,0.474697629,0.558974359,5514202.612,,33359797.39,3276173.602,18453395.63,21729569.23,5289940.783,32003059.22,0.08427673,3142932.075,0.474697629,17702898.69,0.558974359,20845830.77,0.1775,0.5941,0.5532,453.348,14.265,19006.722,6.579,2567.34,571.545,22.635,2275.515,15.543,579.735,303.309,97.164,314.163,46.584,113041.665,1182.618,29.745,501.48,174.825,87.831,1331.505,2325.519,356.679,108.63,81.972,8527.095,419269.203,189.738,956.907,2158.371,834.6,15.825,26383.925,5.425,4574.275,188.525,0,3266.975,19.4,1898.475,201.525,165.475,789.8,0,170610.35,1478,0,959.875,175.525,71.475,3110.375,5541.425,767.45,313.55,146.375,5492.15,1164636.675,365.175,1198.975,1436.55,1058.848,25.346,47333.162,14.094,6895.272,104.226,0,6573.778,16.588,2464.884,159.79,294.524,987.45,0,335370.152,2367.154,0,1600.742,296.844,78.184,6715.356,18725.59,2502.178,484.938,456.692,10347.142,2701957.086,837.056,1730.546,548.564,1175.846,0,59947.56,17.296,4978.24,52.64,0,8167.66,0,3024.826,112.142,577.16,956.544,0,399554.99,2523.806,0,1448.352,352.782,0,5344.088,8084.564,3949.034,580.638,693.814,5817.566,774829.592,990.76,2327.064,557.42,2.2484,0.64991,8.1913,0.098891,3.2428,0.24286,0.3173,0.27252,0.42429,1.3339,1.9171,0.16493,2.5195,0.21292,0.72192,0.15342,0.050382,0.25953,0.042369,0.017074,2.4825,0.78598,6.7496,0.10474,3.4507,0.2513,0.33765,0.2739,0.5239,1.5944,0.5402,0.1549,2.1624,0.18926,0.92874,0.10765,0.067635,0.28033,0.029381,0.013932,2.2957,1.7066,5.6792,0.097632,3.2758,0.32776,0.34008,0.29842,0.47262,1.4469,0.20706,0.16864,1.8146,0.19787,0.97766,0.14146,0.049499,0.26027,0.041903,0.014707,2.5282,0.93061,7.5869,0.10458,3.6647,0.27234,0.37942,0.31203,0.39751,1.5446,0.18136,0.1881,2.3057,0.17367,0.82663,0.14255,0.048801,0.27103,0.038891,0.017708,2.4444,0.93813,6.7749,0.088945,3.5465,0.23846,0.3428,0.27251,0.28601,1.4401,0.11919,0.17823,2.1899,0.24829,0.85334,0.12569,0.049556,0.27676,0.033961,0.021053,0.02777395,0.009292674,0.939156587,0.041730423
ADOE,4,carrier,30,2500,1729,0.978175676,19.549,27528000,26927220,45.51246102,0.22571858,,0.77428142,0.136013526,0.406161939,0.542175465,6213581.07,,21314418.93,3744180.344,11180825.86,14925006.2,6077973.862,20849246.14,0.136013526,3662466.143,0.406161939,10936811.88,0.542175465,14599278.02,0.3349,0.6026,0.5246,344.286,9.594,25610.652,7.299,2074.104,422.343,0,4160.52,10.719,565.668,392.445,113.706,324.882,22.797,164224.188,1991.367,0,642.906,183.429,107.046,1169.352,2575.17,366.165,163.809,91.089,8527.095,419269.203,247.14,1453.401,2265.552,778.15,27.825,32198.875,7.9,3241.475,186.7,0,5682.425,24,1551.65,276.35,176.825,1022.925,50.575,250326,2311.65,31.9,1078.975,183.65,122.9,3380.175,5995.925,803.9,283.85,138.15,23686.375,1164636.675,423.075,1469.3,2400.2,1427.844,28.188,67211.734,16.646,4477.31,92.742,0,11260.99,33.64,5303.114,218.254,459.36,1593.318,0,477552.976,3856.42,69.078,2433.796,364.878,118.204,9838.308,14605.676,2443.54,454.372,483.778,54952.39,2701957.086,1128.042,2561.106,1083.44,1810.44,50.29,87459.292,23.782,3867.442,55.178,0,13907.582,34.31,5309.214,184.428,705.564,1305.472,0,601430.142,4147.28,0,2800.448,377.974,114.962,7418.95,13741.39,3634.98,785.934,777.85,34266.384,4379033.898,929.002,3039.302,720.604,2.2511,0.65753,8.5573,0.096463,3.2578,0.24004,0.33322,0.28994,0.4484,1.3309,2.0999,0.16863,2.5402,0.18773,0.73228,0.16933,0.056804,0.26528,0.049907,0.019158,2.7245,0.76717,8.3397,0.11043,4.0099,0.28602,0.36888,0.3153,0.54799,1.7876,0.6096,0.15076,2.5717,0.17932,0.83324,0.107,0.070112,0.29385,0.023505,0.016954,2.446,1.0232,7.3306,0.10334,3.6369,0.28091,0.34927,0.30304,0.46552,1.5582,0.21984,0.16163,2.2205,0.17845,1.0606,0.12945,0.047672,0.27144,0.033698,0.018886,2.5611,0.90102,8.559,0.1017,3.9187,0.28565,0.35437,0.29223,0.41619,1.5762,0.17073,0.16781,2.73,0.21214,0.76305,0.10842,0.065832,0.27879,0.024872,0.021824,2.4011,1.1793,6.8297,0.090971,3.4438,0.23699,0.34057,0.27812,0.30352,1.408,0.12984,0.19289,2.1904,0.24911,0.95299,0.13741,0.049172,0.27346,0.037851,0.018771,0.02777395,0.009292674,0.939156587,0.041730423
ADOE,5,carrier,40,2500,1729,0.998109677,21.753,28830000,28775502,48.63643232,0.252423494,,0.747576506,0.136285877,0.368466071,0.504751948,7277369.332,,21552630.67,3929121.834,10622876.83,14551998.66,7263612.756,21511889.24,0.136285877,3921694.532,0.368466071,10602796.17,0.504751948,14524490.69,0.3699,0.5399,0.4929,246.996,9.594,19742.796,6.327,1487.367,443.187,0,2592.09,8.64,541.314,333,91.206,287.343,17.514,124993.341,1466.559,0,498.951,136.206,66.06,831.897,1732.671,332.289,127.494,72.018,8527.095,419269.203,180.972,1279.62,1710.999,901.4,13.375,46761.1,9.025,4813.35,219.875,0,9332.75,24,1383.025,244.5,198,1293.675,60.375,285081.6,2974.1,0,1216.125,212.3,92.6,5926.925,8029.7,988.2,259.55,154.175,23686.375,1164636.675,510.925,1508.125,2877.825,1591.752,36.714,79367.722,17.98,4500.278,112.056,0,13301.488,18.908,5420.97,216.514,459.36,2123.38,0,545350.22,4197.982,0,2750.998,337.328,98.832,17029.612,14193.992,2507.282,544.446,492.13,54952.39,2701957.086,1217.768,2800.646,1151.59,1810.44,0,117157.37,29.704,5486.874,67.962,0,27377.124,23.03,6242.446,189.41,1241.458,2025.794,161.022,726695.2,4856.698,0,3407.5,467.744,0,12381.116,15163.704,4103.382,685.824,815.826,89060.77,4379033.898,1830.932,3316.32,814.322,2.4277,0.72482,9.0559,0.097445,3.4009,0.23381,0.34101,0.28717,0.45644,1.455,1.9202,0.14394,2.8175,0.2093,0.65561,0.10643,0.063595,0.26735,0.025907,0.016685,2.3646,0.64126,6.8862,0.093958,3.3503,0.22545,0.32893,0.27821,0.49586,1.4905,0.51698,0.16656,2.0677,0.17824,0.90453,0.16306,0.051182,0.26886,0.043818,0.017143,2.4935,1.0176,7.9865,0.095655,3.4893,0.28115,0.34918,0.30585,0.49953,1.5749,0.21239,0.14456,2.5023,0.20402,0.87289,0.10497,0.059621,0.2722,0.025813,0.016157,2.3864,0.89429,8.4058,0.091938,3.4192,0.21376,0.34533,0.29914,0.38882,1.4479,0.17035,0.18803,2.4572,0.19299,0.79357,0.14552,0.047631,0.26604,0.038887,0.01937,2.4287,1.0019,8.0807,0.090674,3.5931,0.23382,0.35089,0.28738,0.29569,1.4139,0.1242,0.17519,2.5396,0.23599,0.73139,0.12848,0.049584,0.2705,0.033589,0.02259,0.02777395,0.009292674,0.939156587,0.041730423
ADOE,6,carrier,40,1500,1729,0.977121951,21.69,38130000,37257660,62.97299901,0.148475432,,0.851524568,0.085939017,0.465721499,0.551660517,5661368.222,,32468631.78,3276854.718,17757960.76,21034815.51,5531847.164,31725812.84,0.085939017,3201886.687,0.465721499,17351693.28,0.551660517,20553579.98,0.1845,0.5788,0.5469,284.22,6.57,14855.409,6.129,1913.508,451.206,0,1991.196,8.64,557.577,230.985,78.336,221.013,0,103311.081,1038.924,0,484.83,142.515,55.116,874.782,2868.255,352.053,110.754,85.419,8527.095,419269.203,153.342,765.324,1798.785,720.875,20.65,27137.2,5.725,4684.35,142.575,0,5966.625,17.8,1877.15,146.175,126.95,701.175,52.525,180452.475,1291.675,0,858.275,229.375,76.325,3751.175,7159.175,917.2,209.025,141.625,5383.25,1164636.675,428.825,1138.75,1134.15,894.672,0,37716.045,6.783,3288.615,53.694,0,6908.4,22.971,2788.611,120.897,289.446,739.575,0,305151.837,1684.749,0,1126.035,269.268,62.358,3315.633,8808.495,2322.066,491.397,293.208,5194.011,2655371.619,735.642,1635.273,195.567,1175.846,0,62096.776,21.996,4454.096,51.606,0,20045.03,26.884,2959.12,118.064,2235.32,740.626,0,462120.544,2594.588,0,2191.516,540.218,0,4323.436,4811.578,4235.922,580.638,823.252,5732.59,199692.942,1377.1,2917.384,637.602,2.2357,0.65931,7.7633,0.098033,3.2114,0.25181,0.32111,0.27637,0.43939,1.3453,1.8928,0.17342,2.3053,0.19773,0.76413,0.153,0.051191,0.25804,0.042996,0.015002,2.3443,0.65306,6.1583,0.093388,3.2549,0.21873,0.32698,0.27557,0.49959,1.4816,0.54433,0.17017,1.8062,0.17475,0.95285,0.15682,0.049762,0.26297,0.042042,0.014076,2.543,1.1202,6.7855,0.10063,3.8543,0.29821,0.35198,0.31416,0.49519,1.6573,0.28135,0.14448,2.1806,0.19215,0.93295,0.10028,0.066354,0.27333,0.023815,0.017589,2.5267,0.84765,8.651,0.1074,3.7146,0.31712,0.36012,0.29814,0.36444,1.5684,0.19256,0.16347,2.738,0.21202,0.79717,0.096374,0.065531,0.27686,0.024302,0.018178,2.4189,1.1497,7.9849,0.084716,3.5938,0.2244,0.35211,0.3017,0.28897,1.4173,0.16195,0.20614,2.4135,0.22601,0.87554,0.1449,0.04819,0.25708,0.041311,0.020901,0.02777395,0.009292674,0.939156587,0.041730423
ADOE,7,carrier,30,500,1729,0.998109677,17.188,28830000,28775502,48.63643232,0.100211173,,0.899788827,0.056152812,0.492224995,0.548377808,2889088.118,,25940911.88,1618885.57,14190846.61,15809732.2,2883626.809,25891875.19,0.056152812,1615825.367,0.492224995,14164021.33,0.548377808,15779846.71,0.1141,0.5603,0.547,159.75,3.933,10473.129,4.248,1782.036,236.601,0,1895.337,8.1,271.872,105.57,78.336,146.232,0,76150.557,503.262,0,308.979,109.458,67.392,584.037,1131.651,373.734,91.224,69.975,2734.965,419269.203,135.126,430.947,918.279,339.675,13.375,9128.125,3.675,2684,48.825,0,2936.125,0,4992.225,61.125,0,179.55,0,76701.65,389.15,0,496.4,100.525,33.7,822.725,1786.6,599.425,108.375,100.15,841.475,6404.8,183.5,723.675,107.6,953.553,36.081,16364.472,3.192,2458.866,21.945,0,4146.009,20.805,3033.255,61.959,0,161.31,0,132103.086,708.396,0,611.439,222.699,0,922.716,2579.649,1812.885,506.046,276.051,1723.224,10682.484,424.878,771.951,0,832.84,0,27722.386,12.596,2784.186,46.53,0,8709.946,0,1861.858,60.724,1583.242,126.054,0,160692.06,1477.774,0,891.402,370.83,0,775.97,2157.206,3187.258,407.49,640.798,3989.548,25472.026,683.85,1327.938,570.674,2.4778,0.69786,4.6662,0.085963,3.303,0.28274,0.34136,0.27649,0.50465,1.5556,1.7881,0.16674,1.5189,0.20091,1.0688,0.14012,0.048816,0.27491,0.03816,0.01179,2.4653,0.69187,6.3239,0.10043,3.4995,0.30341,0.34636,0.28712,0.51741,1.5895,0.5225,0.14857,2.0034,0.17769,0.82068,0.11451,0.06731,0.27076,0.027909,0.014675,2.4082,0.87979,4.7903,0.094615,3.2563,0.37606,0.37455,0.35805,0.47643,1.4804,0.20836,0.16071,1.5579,0.20714,1.1178,0.16337,0.050358,0.27465,0.053768,0.015517,2.3493,0.6129,5.6801,0.085768,3.1514,0.33654,0.35165,0.32168,0.33633,1.4023,0.13994,0.23154,1.8791,0.23151,0.94912,0.11683,0.04598,0.26387,0.034007,0.016788,3.4503,1.4978,7.197,0.11593,4.7422,0.36664,0.46971,0.38149,0.4206,2.2171,0.70947,0.21309,2.2476,0.28042,1.3003,0.11549,0.074082,0.34117,0.021643,0.022864,0.02777395,0.009292674,0.939156587,0.041730423
ADOE,8,carrier,35,2000,1729,0.973651685,20.857,33108000,32235660,54.48480085,0.188931485,,0.811068515,0.098987516,0.394180674,0.49316819,6255143.605,,26852856.39,3277278.68,13050533.75,16327812.43,6090331.114,26145328.89,0.098987516,3190927.909,0.394180674,12706674.2,0.49316819,15897602.1,0.2511,0.5239,0.486,292.356,8.298,16829.442,7.335,2101.14,507.582,0,3346.317,10.719,557.577,365.094,97.164,364.086,26.019,121579.758,1417.563,0,570.312,161.244,80.964,1432.557,3429.873,363.798,139.77,78.3,8527.095,419269.203,204.822,1155.582,2243.79,934.45,19.45,27449.05,7.5,4303.525,151.575,0,6988.85,7.15,5370.8,187.5,126.95,961.7,48.65,199156.475,1481.825,0,1218.875,153.9,72.7,8014.6,11878.85,770.45,234.675,132.45,4635.8,1164636.675,344.7,1421.55,1425.1,1284.696,24.472,50368.64,10.64,3409.896,71.96,0,7949.984,20.44,2853.984,179.312,343.84,1592.192,0,348840.52,2285.528,0,1354.416,286.608,68.488,6282.472,10362.128,2117.248,511.448,299.152,18988.032,2608786.152,825.328,1987.72,444.752,1716.064,0,80725.508,23.5,3666.188,58.75,0,14545.56,0,3656.976,153.22,529.126,1334.236,161.022,492801.862,3554.234,0,2653.056,460.976,0,7822.868,12588.01,4237.05,634.03,828.798,13173.818,4379033.898,1482.192,2904.036,532.416,2.2753,0.65786,8.581,0.087911,3.251,0.21652,0.32536,0.28342,0.45639,1.3375,2.0539,0.17774,2.4268,0.19126,0.74731,0.1651,0.051896,0.26144,0.045297,0.015735,2.9156,0.80866,8.1426,0.12216,4.3011,0.32235,0.39049,0.32927,0.60971,1.9318,0.68393,0.16242,2.5818,0.1938,0.95046,0.11013,0.072038,0.30719,0.023335,0.015064,2.4464,0.86604,6.881,0.10373,3.4121,0.36804,0.38863,0.36361,0.53826,1.5385,0.23804,0.17098,1.9961,0.13667,0.95089,0.16072,0.04698,0.26233,0.050619,0.011745,2.2186,0.66477,7.0761,0.086997,3.0629,0.22201,0.32434,0.27624,0.34392,1.3414,0.13739,0.16037,2.1655,0.17682,0.71971,0.14377,0.048011,0.25281,0.039562,0.019056,2.552,1.2723,7.5335,0.09388,3.5638,0.23191,0.35444,0.27422,0.33617,1.5258,0.12725,0.16714,2.4291,0.24473,0.91868,0.10683,0.062867,0.27586,0.025814,0.019709,0.02777395,0.009292674,0.939156587,0.041730423
ADOE,9,carrier,35,1000,1729,0.980424242,20.146,30690000,30089220,50.85688208,0.113905048,,0.886094952,0.063801839,0.451116532,0.514918371,3495745.923,,27194254.08,1958078.439,13844766.37,15802844.81,3427314.048,26661905.95,0.063801839,1919747.57,0.451116532,13573744.58,0.514918371,15493492.15,0.1414,0.5601,0.5091,212.958,5.697,10988.289,4.833,1897.263,325.944,0,1839.033,5.823,451.134,182.214,78.336,207.675,15.768,81525.906,637.416,0,362.052,97.812,52.992,802.503,5465.853,344.403,88.992,60.543,8527.095,419269.203,137.475,562.887,1322.388,603.525,8.425,10729.075,3.525,3888.65,85.65,0,3772.55,0,8238.4,85.55,0,408.775,0,95995.45,462.5,0,1098.05,92.85,24,1911.725,2322.45,497.05,154.425,84.075,881.425,17434.25,201.675,898.125,319.4,790.72,0,34286.056,8.064,5406.968,52.472,0,5719.448,0,2344.384,106.848,284.368,593.376,0,221474.344,1376.816,0,1211.28,278.656,49.896,3357.872,3539.088,2229.752,345.912,317.464,4262.776,72209.928,672.896,1394.12,106.344,914.15,0,53271.304,15.698,5139.638,46.53,0,12450.77,0,2031.34,94,1241.458,521.418,0,314314.474,2211.538,0,1956.798,377.974,0,2584.342,5177.708,3723.34,407.49,757.358,4369.872,41126.034,944.888,2237.764,513.428,2.3138,0.67678,7.0003,0.090493,3.2721,0.22704,0.32523,0.27333,0.48743,1.4072,2.0598,0.17382,2.0423,0.1992,0.90321,0.17966,0.055381,0.271,0.051549,0.013679,2.4335,0.53547,6.4249,0.096348,3.3986,0.24234,0.3377,0.28017,0.49428,1.5597,0.51795,0.15278,1.9751,0.17397,0.9448,0.13755,0.051035,0.27427,0.03539,0.014044,2.6444,0.91828,6.1965,0.10958,3.7624,0.40358,0.42,0.38885,0.57072,1.6545,0.25656,0.18503,1.8808,0.17476,1.0617,0.18137,0.0441,0.27341,0.059202,0.014047,2.4098,0.64636,7.5114,0.094607,3.3154,0.3054,0.36172,0.32181,0.37074,1.4417,0.15159,0.17793,2.2594,0.21911,0.80866,0.14446,0.048768,0.26829,0.042197,0.018279,2.4537,0.95451,6.6565,0.085118,3.5083,0.22985,0.34188,0.27657,0.31317,1.46,0.13596,0.18761,2.0764,0.23775,0.97003,0.14701,0.046626,0.26669,0.038513,0.01888,0.02777395,0.009292674,0.939156587,0.041730423
ADOE,10,carrier,30,1500,1282,0.967766777,14.4295,16907400,16362420,27.65580711,0.104790133,,0.895209867,0.051821398,0.370685534,0.422506932,1771728.695,,15135671.31,876165.1045,6267328.598,7143493.702,1714620.168,14647799.83,0.051821398,847923.4764,0.370685534,6065312.395,0.422506932,6913235.874,0.1398,0.4945,0.4141,143.604,5.697,5823.585,3.564,1466.658,132.912,0,2075.076,5.823,266.724,59.094,45.702,89.577,0,51425.19,267.363,0,228.339,114.678,77.157,357.543,1205.235,349.947,77.589,68.58,1086.255,419269.203,120.393,290.151,699.651,372.8,50.1,5633.2,0,1985.775,36.075,0,3021.425,0,4071.475,35.925,0,84.675,0,59215.625,159.2,0,336.025,115.375,36.75,383.6,1274.425,529.125,139.75,90.875,765.65,3681.65,157.825,396.85,92.35,738.031,0,14172.095,0,4171.536,46.433,0,9156.387,0,3318.75,52.333,0,124.313,0,115296.974,733.252,0,565.102,394.828,79.532,737.795,2042.58,1939.094,170.392,388.456,2834.832,15120.992,534.658,852.786,211.928,749.838,0,32030.876,15.416,6325.354,103.964,0,31109.394,26.884,2454.904,58.28,2290.874,130.002,0,195512.762,1212.882,0,1318.726,942.726,143.726,735.08,3193.086,2989.67,525.46,749.462,8413.376,95765.226,723.518,1544.42,2407.058,2.8165,0.80855,4.0916,0.09508,3.9082,0.28187,0.35853,0.30949,0.52885,1.8601,2.2956,0.15841,1.3081,0.22739,1.1351,0.099256,0.069924,0.29625,0.022157,0.011836,2.5665,0.58822,5.5251,0.096723,3.6277,0.26678,0.33753,0.28556,0.55625,1.6548,0.53733,0.15241,1.8123,0.19265,1.081,0.11703,0.063609,0.28331,0.028982,0.014402,2.9063,0.93789,4.7497,0.10614,4.0176,0.34226,0.36446,0.3175,0.56606,1.9471,0.64469,0.16794,1.5434,0.2324,1.2752,0.093772,0.070121,0.30246,0.021693,0.012702,2.6065,0.72862,4.5524,0.087934,3.471,0.33164,0.36264,0.302,0.40317,1.6264,0.17169,0.15443,1.5286,0.22434,1.152,0.10766,0.065767,0.29146,0.027044,0.015237,2.6523,1.087,4.1005,0.073136,3.741,0.27239,0.35446,0.2699,0.33935,1.5867,0.14183,0.16219,1.3664,0.25775,1.2923,0.10985,0.065145,0.29327,0.02671,0.015538,0.023250508,0.007334048,0.899952866,0.036954988
ADOE,11,carrier,35,3000,1729,0.970473373,21.1135,31434000,30505860,51.56108815,0.236346778,,0.763653222,0.126008345,0.375985165,0.50199351,7429324.62,,24004675.38,3960946.317,11818717.68,15779663.99,7209961.721,23295898.28,0.126008345,3843992.929,0.375985164,11469750.79,0.50199351,15313743.74,0.3351,0.5332,0.4924,298.44,7.434,19874.745,6.84,1924.425,449.73,0,4157.667,8.1,565.668,314.766,108.387,321.309,21.024,131810.346,1725.759,0,583.704,163.224,89.676,1222.578,5819.229,381.33,106.488,76.185,8527.095,419269.203,219.303,1366.542,2184.39,950.875,34.925,33499.45,6.675,3079.225,135.9,0,6231.55,32.575,4213.8,171.025,187.65,919.525,48.65,219330.3,1790.025,36.1,778.925,140.225,75.125,5306.25,9191.025,795.55,234.675,116.175,10764.45,1164636.675,332.975,1206.55,1688.675,1728.464,31.565,76625.955,14.337,4377.623,90.683,0,12729.427,21.535,5079.959,173.814,513.536,1896.909,0,503395.493,3659.711,0,2575.291,335.002,120.242,14477.007,14884.107,2433.573,477.841,446.453,55899.845,2748542.553,1115.395,2223.061,1122.652,1716.064,31.678,98388.672,24.158,3770.34,47.564,0,16699.664,41.36,4644.07,155.006,818.176,1389.508,0,604771.842,3921.116,0,3217.15,454.208,0,8358.104,17038.91,3851.274,634.03,712.614,50738.474,4379033.898,1193.706,3510.148,604.702,2.4029,0.75333,9.2517,0.1118,3.5243,0.27411,0.35597,0.31139,0.50361,1.4329,2.3843,0.1834,2.7335,0.18985,0.69441,0.1895,0.052173,0.27328,0.054414,0.016976,2.4896,0.5783,6.9923,0.098891,3.5508,0.23746,0.33124,0.27826,0.50455,1.572,0.51723,0.17295,2.1909,0.20928,0.87626,0.14149,0.048705,0.27582,0.03672,0.013998,2.4601,0.83619,7.5461,0.11486,3.5689,0.39654,0.39387,0.3587,0.5487,1.5301,0.24117,0.18159,2.2437,0.17117,0.84361,0.18866,0.045345,0.26063,0.060596,0.01552,2.3198,0.70633,7.7492,0.096541,3.422,0.23151,0.33569,0.2836,0.37773,1.4336,0.14775,0.18099,2.3812,0.19266,0.74674,0.15643,0.053009,0.27542,0.043314,0.018918,2.6451,1.1899,8.29,0.097768,3.9189,0.25443,0.36514,0.30012,0.306,1.619,0.26661,0.17095,2.6264,0.25036,0.74464,0.089716,0.069763,0.27872,0.022022,0.021573,0.02777395,0.009292674,0.939156587,0.041730423
ADOE,12,carrier,30,2500,1729,0.9725,21.1945,23808000,23153280,39.13373729,0.221606648,,0.778393352,0.133059509,0.391536919,0.524596428,5276011.076,,18531988.92,3167880.79,9321710.968,12489591.76,5130920.771,18022359.23,0.133059509,3080764.069,0.391536919,9065363.905,0.524596428,12146127.98,0.3398,0.6004,0.503,288.297,6.57,31351.545,7.929,2129.22,474.759,0,6165.171,8.64,583.731,436.554,113.706,269.316,20.322,151773.345,1947.96,0,545.193,195.183,101.142,1289.412,8419.968,400.509,141.795,88.137,8527.095,419269.203,241.263,1554.426,2549.655,868.125,27.825,35921.3,5,2558.25,129.1,0,6818.85,17.8,7223.575,219.775,153.5,783.525,44.775,242050.725,1681.55,56.675,1188.55,140.225,83.425,3906.1,4563.55,651.25,265.675,105.7,4463.475,1164636.675,278.65,1467.3,1660.575,1640.576,35.448,78642.032,9.576,3565.352,74.312,0,12780.992,20.44,5454.4,198.352,396.088,1296.736,0,481161.072,3688.888,0,2053.968,335.272,82.32,8378.552,14700.112,2333.856,408.576,386.848,31738.392,2608786.152,949.312,2319.576,917.224,1596.684,31.678,72111.724,22.842,2873.58,45.496,0,15670.74,26.884,4553.172,162.996,577.16,1017.08,179.258,570010.172,3991.804,0,2648.168,385.024,102.836,5844.92,8959.328,3997.162,634.03,770.612,18314.114,4379033.898,1165.788,3006.026,575.092,2.4827,0.74063,9.0082,0.096505,3.7389,0.27986,0.34912,0.29479,0.46315,1.4919,1.8718,0.14423,2.8076,0.1969,0.72752,0.10079,0.063643,0.27328,0.023734,0.01701,2.5633,0.62346,7.688,0.10643,3.9145,0.29024,0.34217,0.27648,0.54599,1.6334,0.54277,0.15523,2.5236,0.20396,0.87379,0.10666,0.064276,0.27936,0.025671,0.013296,2.349,0.82031,7.4726,0.091571,3.4003,0.26854,0.35983,0.32284,0.43692,1.4667,0.22768,0.15191,2.1466,0.15604,0.88449,0.118,0.046163,0.25399,0.032624,0.014306,2.3823,0.6512,8.004,0.10131,3.4515,0.25316,0.3442,0.28145,0.36869,1.4625,0.13984,0.17275,2.5138,0.20934,0.78886,0.13425,0.049251,0.27138,0.036003,0.019887,2.4876,1.0624,6.7386,0.08751,3.5413,0.22857,0.34508,0.27752,0.31807,1.4777,0.11313,0.17352,2.0972,0.23848,0.94344,0.12865,0.048265,0.27195,0.032884,0.019356,0.02777395,0.009292674,0.939156587,0.041730423
ADOE,13,carrier,40,1500,1282,0.987799791,19.3845,17837400,17619780,29.78100043,0.100598251,,0.899401749,0.057892315,0.360791532,0.418683847,1794411.242,,16042988.76,1032648.38,6435582.873,7468231.252,1772519.051,15847260.95,0.057892315,1020049.85,0.360791532,6357067.428,0.418683847,7377117.274,0.1605,0.5755,0.4011,115.02,5.697,5176.836,2.727,1275.57,107.964,0,2269.179,5.823,256.32,53.424,45.702,51.399,0,49319.613,264.663,0,170.541,131.13,69.372,200.493,869.238,336.708,84.483,73.557,964.449,419269.203,130.671,292.698,610.965,0,10.925,11692.65,6.325,3638.225,138.85,0,10302.95,14.5,536.2,61.325,153.5,103.95,0,124323.525,485.475,0,412.475,404.95,129.1,460.15,1286.225,1083.525,215.525,238.25,2734.075,52059.475,577.925,579.525,432,542.75,0,18567.6,11.5,5190.45,101.3,0,19857.05,22,1056.2,57.55,0,162.65,0,172156.4,817.1,0,623.35,671.6,142.95,665.5,1474.7,1995,443.9,353.6,3620.95,26477.4,704.8,1135.9,546.9,914.15,0,45915.522,25.098,11599.412,303.714,0,106627.584,18.894,2812.668,63.074,7736.482,218.456,0,344412.24,1492.438,0,1771.712,1645.188,313.678,993.768,2800.26,3474.24,905.972,793.266,12002.39,4379033.898,1355.198,2418.62,3085.268,2.737,0.80807,3.5483,0.089071,3.4705,0.28017,0.35329,0.30103,0.51456,1.7181,1.9789,0.16627,1.1389,0.23768,1.3047,0.097139,0.064701,0.28281,0.024341,0.010212,2.4416,0.56387,4.7285,0.091029,3.3344,0.36208,0.35553,0.3247,0.56732,1.5337,0.5003,0.17806,1.5851,0.22188,1.0415,0.14555,0.04901,0.27369,0.045012,0.013364,2.3806,0.79798,4.6697,0.09558,3.2588,0.32845,0.35393,0.32083,0.51733,1.4683,0.24093,0.16987,1.4786,0.20495,1.0675,0.16771,0.051631,0.27236,0.052576,0.013358,2.4714,0.68585,5.1591,0.092652,3.2829,0.41092,0.38061,0.36897,0.36699,1.4605,0.13674,0.1579,1.7223,0.25151,1.0641,0.12822,0.049364,0.28158,0.038924,0.013589,2.5777,1.0988,4.8862,0.080599,3.3328,0.22774,0.35053,0.27027,0.35039,1.5694,0.13347,0.15809,1.5699,0.22841,1.0863,0.10346,0.069884,0.28254,0.026585,0.016928,0.023250508,0.007334048,0.899952866,0.036954988
ADOE,14,carrier,40,500,1282,1,13.2355,3608400,3608400,6.098927566,0.156223028,,0.843776972,0.036250647,0.121439669,0.157690316,563715.1742,,3044684.826,130806.8346,438202.9016,569009.7363,563715.1742,3044684.826,0.036250647,130806.8358,0.121439669,438202.9001,0.157690316,569009.7363,0.2985,0.232,0.1439,0,0,1141.542,1.278,149.112,23.715,0,958.347,3.285,0,16.758,346.41,0,0,10517.814,72.495,0,31.734,112.851,32.517,22.347,107.136,270.936,35.973,61.839,441.711,1921.491,79.299,79.92,289.152,0,0,2987.9,3.425,650.975,61.75,0,7003.4,0,0,29.05,2020,0,0,35606.025,176.225,0,95.925,378.35,179.775,72.975,371.75,1034.4,91.15,203.7,1842.775,8253.225,265.025,194.45,391.125,0,14.924,6051.604,8.164,1718.496,86.424,0,20403.188,0,430.248,32.24,3055.364,63.284,0,62216.232,331.136,0,194.896,772.304,306.176,179.504,768.352,1539.252,150.176,369.668,3195.504,16910.556,380.848,360.464,980.876,0,26.978,16601.904,14.758,5019.788,242.802,0,103685.666,0,1328.784,50.854,14088.532,104.716,0,130195.922,662.606,0,453.738,1694.444,557.138,581.578,1127.624,2571.464,580.638,733.67,11464.146,4379033.898,792.608,1082.692,3670.042,2.6734,0.76274,1.1415,0.071805,3.2798,0.27674,0.3498,0.27544,0.53925,1.6718,1.8764,0.14725,0.47329,0.22365,1.3059,0.11616,0.066708,0.29749,0.028113,0.0095095,2.6146,0.61197,1.587,0.082609,1.7183,1.6567,0.81224,1.2404,0.60425,0.79677,0.45909,0.15506,1.0565,0.69208,1.389,0.1234,0.047603,0.2907,0.087423,0.0094521,2.6651,1.1078,2.026,0.080632,1.7043,1.6783,0.85236,1.4246,0.58911,0.74295,0.25577,0.15465,1.0208,0.79181,1.3249,0.10726,0.069234,0.29426,0.052714,0.012662,2.5782,0.71174,1.7096,0.077055,2.3482,1.0769,0.61824,0.85418,0.5497,1.134,0.13106,0.16066,0.97701,0.5033,1.2752,0.13677,0.04746,0.29385,0.07821,0.010203,3.3173,1.1759,2.1081,0.088956,4.2149,0.33214,0.41146,0.3543,0.6836,2.2429,0.70132,0.20605,0.73845,0.25702,1.5559,0.10496,0.079891,0.34172,0.022326,0.011815,0.023250508,0.007334048,0.899952866,0.036954988
ADOE,15,carrier,30,500,1282,0.956008584,13.1855,8667600,8286300,14.00552696,0.128016694,,0.871983306,0.044819452,0.210851025,0.255670477,1109597.497,,7558002.503,388477.0822,1827572.344,2216049.426,1060784.731,7225515.269,0.044819452,371387.4251,0.210851025,1747174.85,0.255670477,2118562.274,0.2126,0.3501,0.2418,82.35,0,2774.313,2.79,1137.141,86.13,0,899.397,4.599,90.765,22.302,40.266,44.055,0,25024.491,106.128,0,104.346,75.303,47.214,171.054,430.623,322.83,65.664,69.714,658.494,8225.172,121.194,166.833,391.599,0,0,4247.2,3.675,1685.2,65.475,0,2997.475,6.125,0,26.1,0,41.95,0,44255.7,234.325,0,168.875,190.1,85.75,224.425,1085.075,868.45,108.375,193.4,1649.25,8808.5,332.225,234.125,353.9,0,0,8242.416,5.096,3002.888,56.896,0,10866.016,0,895.496,31.808,465.864,79.8,0,69518.12,413.616,0,277.928,459.704,108.024,373.184,1107.68,1475.656,278.824,395.024,3330.992,17801.504,498.68,490.448,520.296,1020.37,0,21074.612,15.604,6033.484,107.912,0,42796.038,0,2031.34,28.952,3281.352,118.252,0,117539.574,741.472,0,705.094,1156.858,211.688,639.952,2225.356,2627.018,634.03,770.142,10503.184,252996.112,726.526,1151.594,2338.814,2.8879,0.77848,2.0856,0.087915,3.7842,0.27432,0.36727,0.31215,0.60524,1.9661,2.8823,0.16187,0.70452,0.22398,1.3376,0.1006,0.071314,0.30167,0.021944,0.010443,3.103,0.75214,3.942,0.11457,3.2617,1.1319,0.63453,0.85654,0.62103,1.637,1.0133,0.17201,1.2559,0.38131,1.4162,0.099129,0.07391,0.3149,0.023799,0.011866,2.7865,1.036,2.8199,0.091943,2.4418,1.3716,0.72398,1.1082,0.62711,1.1229,0.21586,0.16628,1.2677,0.61753,1.2383,0.12338,0.073183,0.30436,0.053822,0.011603,2.7089,0.73551,2.6332,0.089249,3.2692,0.56694,0.43313,0.46675,0.49609,1.5687,0.21694,0.14727,0.92257,0.29418,1.3566,0.099755,0.067009,0.29389,0.026474,0.012642,2.8545,1.1967,2.5968,0.077655,3.6772,0.27364,0.3767,0.28068,0.49913,1.7265,0.13452,0.16858,0.90532,0.25072,1.3415,0.12708,0.075416,0.31014,0.028942,0.0154,0.023250508,0.007334048,0.899952866,0.036954988
ADOE,16,carrier,35,1000,1282,0.95371248,9.921,11773800,11228820,18.97898233,0.106930693,,0.893069307,0.039792551,0.247713343,0.287505893,1258980.593,,10514819.41,468509.537,2916527.358,3385036.883,1200705.504,10028114.5,0.039792551,446823.389,0.247713343,2781528.537,0.287505893,3228351.921,0.1606,0.3721,0.2774,90.09,0,4135.131,3.294,929.007,80.469,0,2238.507,4.599,105.948,31.608,45.702,30.69,0,40467.879,169.263,0,141.345,128.322,83.79,145.188,684.864,324.459,55.593,78.867,815.382,21615.156,134.604,211.545,638.676,271.375,8.425,6535.375,4.425,1865.45,46.5,0,5540.175,9.125,246.675,42.175,126.95,62.475,0,60220.425,361.875,0,206.3,296.025,123.95,268,1044.075,957.425,91.15,196.1,2270.45,13454.475,359.325,372.425,418,603.9,0,15420.108,6.864,4259.112,64.284,0,16280.946,0,2086.92,62.304,335.148,116.358,0,154386.804,746.658,0,488.862,867.57,195.096,612.216,1473.252,1974.654,368.94,520.938,4212.054,29100.126,745.602,899.976,668.382,0,0,23412.486,15.228,6218.57,116.842,0,41638.71,26.884,2061.514,39.01,4458.232,106.596,0,175894.962,865.646,0,626.228,1021.592,181.326,623.972,2229.962,2671.104,407.49,680.56,6722.88,85586.624,953.536,1286.202,2244.25,2.5879,0.76559,2.316,0.083069,3.4145,0.28311,0.33508,0.25956,0.51071,1.6462,2.1085,0.14634,0.83519,0.21482,1.1484,0.10195,0.063937,0.2898,0.024672,0.010899,2.6385,0.75356,4.0958,0.088717,3.0653,0.72103,0.49509,0.60723,0.59026,1.4366,0.55944,0.15672,1.4455,0.3387,1.3103,0.11447,0.071143,0.29413,0.036794,0.01411,2.5962,0.86209,2.9689,0.090241,2.7068,0.8601,0.55708,0.73682,0.56602,1.2627,0.19684,0.15179,1.2193,0.4232,1.3031,0.1168,0.063519,0.29215,0.047376,0.011443,2.4994,0.68195,3.2745,0.084472,3.3353,0.33376,0.34599,0.29355,0.49447,1.5463,0.15224,0.18004,1.1514,0.23142,1.1929,0.14505,0.046751,0.281,0.044163,0.012304,2.7524,1.372,3.8085,0.082367,3.5773,0.28823,0.34764,0.28317,0.39443,1.7442,0.55759,0.17217,1.2335,0.27678,1.3075,0.097275,0.071471,0.2871,0.020625,0.014067,0.023250508,0.007334048,0.899952866,0.036954988
ADOE,17,carrier,35,3000,1282,0.972857143,13.9,22134000,21533220,36.39550744,0.109032502,,0.890967498,0.055933485,0.402683296,0.45861678,2413325.399,,19720674.6,1238031.757,8912992.074,10151023.81,2347820.853,19185399.15,0.055933484,1204428.027,0.402683296,8671067.993,0.45861678,9875496.019,0.1389,0.513,0.452,164.304,4.815,8519.454,4.383,1918.962,143.1,0,2837.781,8.1,359.478,74.151,78.336,153.927,16.119,67634.064,357.858,0,246.519,131.895,98.163,664.038,1449.504,393.687,75.249,74.286,1736.505,419269.203,155.025,373.23,976.986,379.35,10.925,10379,4.275,2794.925,48.05,0,3476.925,0,607.25,50.825,0,135.175,0,84758.475,439.425,0,251.4,202.075,83.425,713.025,2685.975,1013.175,228.325,217.225,2150.4,21905.425,365.175,443.175,354.8,582.624,0,21435.368,4.828,5321.952,31.416,0,10554.28,0,2786.028,58.752,0,199.92,0,159044.18,920.312,0,841.092,400.112,99.96,1326.612,2018.988,2489.48,247.928,392.496,3336.556,23732.816,632.06,1202.308,174.012,749.838,0,59492.6,22.09,10134.798,175.78,0,79179.866,0,2580.77,74.542,3633.006,228.702,0,308548.89,2168.768,0,1837.982,1167.856,201.724,1233.092,4575.92,3536.186,438.134,841.864,9740.468,2517415.504,1123.864,2425.2,3363.32,2.4112,0.65749,4.1403,0.087828,3.242,0.23458,0.32297,0.2581,0.48356,1.4926,1.9515,0.17342,1.303,0.21878,1.0742,0.15951,0.049959,0.2746,0.043163,0.011434,2.6038,0.61038,6.467,0.098273,3.6688,0.27451,0.33863,0.28798,0.52335,1.7351,0.64255,0.15099,1.9786,0.18878,0.9336,0.093236,0.065836,0.27149,0.021032,0.012201,2.4006,0.7902,3.8294,0.083201,2.9787,0.50178,0.40572,0.43857,0.51175,1.4053,0.17371,0.17541,1.4238,0.26985,1.1031,0.15837,0.049024,0.27626,0.060188,0.011895,2.48,0.70809,5.393,0.090358,3.4221,0.29766,0.35113,0.29323,0.39022,1.5339,0.14912,0.17312,1.7233,0.21834,1.0194,0.13437,0.04835,0.27997,0.038506,0.014115,2.8495,1.5047,6.7214,0.10502,4.1462,0.31081,0.39252,0.30182,0.33192,1.7617,0.2388,0.17164,2.1386,0.2728,1.128,0.095997,0.068175,0.30157,0.021979,0.019058,0.023250508,0.007334048,0.899952866,0.036954988
ADOE,18,carrier,40,3500,1282,0.993758865,18.2535,26226000,26062320,44.05060467,0.100374964,,0.899625036,0.051245073,0.372175752,0.423420825,2632433.806,,23593566.19,1343953.284,9760681.272,11104634.56,2616004.432,23446315.57,0.051245073,1335565.48,0.372175752,9699763.554,0.423420825,11035329.04,0.1377,0.5105,0.4137,188.946,4.815,10443.591,3.834,2387.574,124.29,0,4484.322,5.823,299.574,79.83,71.28,160.02,15.768,64069.407,405.207,0,363.51,163.467,103.221,745.578,2063.718,412.47,121.275,83.259,2183.643,419269.203,176.076,444.402,1289.259,312.725,0,14003.1,6.675,2915.7,53.35,0,5807.5,9.125,603.375,57.525,126.95,164.625,0,106472.275,470.175,0,467.45,235.525,105.9,800.3,1443.375,1015.8,182.4,174.525,1951.025,37604.825,425.225,656.025,415.3,880.092,0,24246.552,6.032,5304.1,29,0,14439.332,16.588,2346.506,63.046,220.11,251.778,0,187187.344,1037.33,0,910.89,514.228,98.832,1394.32,3778.236,2348.71,324.22,392.254,3487.482,26288.442,758.814,1290.848,235.712,1302.276,50.29,75222.748,12.126,12317.666,276.642,0,106627.584,26.884,4461.71,74.542,7710.82,284.726,161.022,318108.69,2622.882,0,2604.082,1369.58,176.062,1414.888,4390.364,3270.636,580.638,559.77,9366.254,4379033.898,1017.926,2840.022,2102.498,2.4867,0.72379,3.9605,0.083908,3.2107,0.24635,0.33416,0.26121,0.47926,1.5558,1.9327,0.14694,1.3039,0.21541,1.1896,0.11023,0.068293,0.28288,0.028029,0.013311,2.8204,0.6478,6.6818,0.10592,4.0759,0.2905,0.37115,0.31972,0.6005,1.9335,0.79699,0.16932,2.0571,0.18212,1.0371,0.09666,0.068344,0.29573,0.022903,0.013904,2.8556,0.98024,6.0339,0.11193,3.8457,0.52841,0.43796,0.45257,0.54613,1.8315,0.62176,0.16585,1.837,0.22555,1.1532,0.097624,0.067402,0.29165,0.022071,0.0131,2.5582,0.72676,6.5252,0.089307,3.3653,0.25564,0.36121,0.29946,0.38754,1.5725,0.14082,0.15088,2.1164,0.19674,0.88231,0.10919,0.064204,0.27916,0.027635,0.016268,2.8305,1.1375,6.8252,0.10025,3.9859,0.30096,0.39708,0.31385,0.34495,1.7767,0.34936,0.17498,2.1103,0.24186,1.0128,0.094036,0.076677,0.29705,0.021014,0.018243,0.023250508,0.007334048,0.899952866,0.036954988
ADOE,19,carrier,40,2500,1729,0.99409396,21.9815,27714000,27550320,46.56562635,0.260120987,,0.739879013,0.137180084,0.324802234,0.461982317,7208993.034,,20505006.97,3801808.848,9001569.113,12803377.93,7166416.431,20383903.57,0.137180084,3779355.205,0.324802234,8948405.472,0.461982317,12727760.67,0.4223,0.5274,0.439,338.373,8.73,45011.16,7.74,2676.231,425.871,0,10209.024,9.693,656.487,405.594,131.148,314.676,25.299,171772.416,2042.46,9.945,562.095,198.603,113.724,2213.604,2950.92,407.646,147.852,87.102,8527.095,419269.203,281.556,1416.996,3006.909,917.95,10.925,66784.375,9.65,3210.175,204.1,0,11243.25,22.5,1062.45,293.25,226.925,994.025,44.775,313712.45,3554.75,0,1279.85,271.7,124.975,3911.025,6976.175,1082.125,319.4,174.05,23686.375,1164636.675,553.525,1757.325,3529.775,1785.3,37.98,81395.64,19.8,3475.2,103.44,0,16792.44,34.8,6735.42,201.3,475.2,2016.6,121.38,605299.86,4035.72,0,2935.26,415.32,135.12,11925.18,10883.94,2617.86,608.16,413.88,56847.3,2795128.02,1307.88,2671.74,976.26,1903.876,50.29,141818.552,31.114,4337.254,81.498,0,39650.422,41.36,8325.674,182.736,1074.608,1580.892,0,909807.858,6322.628,0,3659.702,546.704,191.572,9600.502,21875.868,4242.408,858.502,739.216,89060.77,4379033.898,1679.968,4288.656,786.498,2.434,0.74086,9.2438,0.10609,3.4523,0.26613,0.34315,0.28436,0.44627,1.462,1.917,0.14568,2.9267,0.21078,0.73292,0.10634,0.072231,0.27559,0.026894,0.020192,2.3226,0.59163,7.0366,0.093599,3.2597,0.21036,0.33468,0.28597,0.49319,1.4589,0.5506,0.16819,2.0741,0.16085,0.92506,0.15882,0.053794,0.26341,0.043469,0.015349,2.4459,1.0377,8.1547,0.10965,3.7054,0.33845,0.3769,0.33883,0.4966,1.5251,0.2276,0.17147,2.5703,0.18193,0.78031,0.14725,0.047464,0.26823,0.042011,0.017056,2.5854,0.86074,9.335,0.093809,3.9362,0.2571,0.36594,0.3052,0.38614,1.5663,0.20345,0.16429,2.8347,0.20091,0.71999,0.095216,0.063747,0.27468,0.024527,0.019085,2.8347,0.81461,9.9095,0.11174,4.3514,0.30895,0.42382,0.35249,0.32779,1.7229,0.25384,0.18112,3.1273,0.23897,0.90062,0.10153,0.07248,0.2996,0.022465,0.026545,0.02777395,0.009292674,0.939156587,0.041730423
ADOE,20,carrier,40,3500,1729,0.9761875,24.9925,29760000,29051340,49.10265446,0.28050171,,0.71949829,0.163245914,0.331717978,0.494963892,8347730.89,,21412269.11,4858198.401,9871927.025,14730125.43,8148950.548,20902389.45,0.163245914,4742512.554,0.331717978,9636851.762,0.494963892,14379364.31,0.4921,0.582,0.461,338.373,10.872,26212.563,7.884,2372.013,414.405,0,9968.346,10.719,606.6,395.397,128.754,355.005,28.899,190905.48,2251.827,12.24,781.47,223.47,122.301,1652.274,2788.146,416.916,159.849,91.782,8527.095,419269.203,281.556,1832.508,2999.277,812.1,20.65,48815.1,10.6,2692.775,217.65,0,8746.375,24,886.55,267.975,165.475,1076.675,64.325,332114.575,3050.125,0,1487.475,268.725,133.175,3034.225,6387.85,1026.4,354.15,193.9,23686.375,1164636.675,526.675,1745.3,3637.9,1679.685,34.782,116567.334,12.087,2836.773,81.549,0,18751.884,41.157,9284.295,178.755,403.92,1904.952,109.14,615233.349,3556.638,0,2430.252,344.658,130.611,12942.984,15178.518,2266.644,516.936,336.243,48320.205,2375858.817,1026.222,2652.663,677.28,1903.876,59.502,130139.146,29.704,4377.862,84.036,0,43236.71,41.36,8890.332,187.718,2417.962,1551.658,201.16,923689.59,5514.228,0,3437.674,527.246,181.326,8653.452,14129.422,3851.274,810.374,755.948,89060.77,4379033.898,2015.36,3886.712,1026.574,2.5091,0.73859,9.758,0.10536,3.569,0.26718,0.35524,0.29973,0.45328,1.4979,2.1699,0.16538,3.0009,0.22058,0.77312,0.114,0.064065,0.27179,0.027132,0.01713,2.8768,0.70415,8.6597,0.12174,4.1889,0.32212,0.42171,0.35289,0.57487,1.8412,0.62475,0.17792,2.6963,0.15055,0.97183,0.15204,0.039803,0.28421,0.034615,0.014029,2.314,2.0744,7.93,0.096477,3.3728,0.34064,0.36308,0.34509,0.42524,1.4108,0.2106,0.15736,2.3989,0.19549,0.74179,0.12331,0.049172,0.2576,0.037532,0.015588,2.3076,0.79004,8.7048,0.096668,3.4567,0.21704,0.34299,0.29778,0.343,1.3609,0.15245,0.187,2.6365,0.20781,0.76006,0.15904,0.051442,0.26754,0.043455,0.022183,2.7114,0.75019,8.7497,0.095726,4.0531,0.25144,0.37512,0.31073,0.34549,1.662,0.2684,0.17185,2.6917,0.24685,0.97705,0.090949,0.070325,0.28393,0.023014,0.022019,0.02777395,0.009292674,0.939156587,0.041730423